updated_at,lead_time,choice,annotator,annotation_id,image,created_at,id
2023-03-21T09:54:31.047245Z,7.78,,1,3198,/data/local-files/?d=image/0-00303bf7235775394e88997fe5737a456ac28285.jpeg,2023-03-21T09:54:31.047208Z,24076
2023-03-21T09:54:33.216272Z,1.74,,1,3199,/data/local-files/?d=image/0-0032dac2ac83bdadd536fbcb352f9606bbd8c606.jpeg,2023-03-21T09:54:33.216235Z,24077
2023-03-21T09:57:21.751075Z,25.299,ElectoralUnit,1,3200,/data/local-files/?d=image/0-003548b6bfcd93682c9cb2d20a161851f7f7af97.jpeg,2023-03-21T09:57:21.751034Z,24078
2023-03-21T09:57:24.401121Z,2.401,ElectoralUnit,1,3201,/data/local-files/?d=image/0-00399c69948526b73044a063a6b389ac80971493.jpeg,2023-03-21T09:57:24.401087Z,24079
2023-03-21T09:57:27.335824Z,2.664,,1,3202,/data/local-files/?d=image/0-00406493cda86bfdb65c6723b3244ee6c6e6c3fe.jpeg,2023-03-21T09:57:27.335791Z,24080
2023-03-21T09:57:29.792608Z,1.959,ElectoralUnit,1,3203,/data/local-files/?d=image/0-0053ce2736734600d870dae98cea9639e5eee1ed.jpeg,2023-03-21T09:57:29.792569Z,24081
2023-03-21T09:57:31.680630Z,1.547,ElectoralUnit,1,3204,/data/local-files/?d=image/0-00684028ad4fd210a8dd00ec2b33abf51ed17982.jpeg,2023-03-21T09:57:31.680595Z,24082
2023-03-21T09:57:44.142883Z,12.154,,1,3205,/data/local-files/?d=image/0-007206fb7c7f09cd341a3efe6da2c879d39b5adc.jpeg,2023-03-21T09:57:44.142813Z,24083
2023-03-21T09:57:47.267035Z,2.768,,1,3206,/data/local-files/?d=image/0-007e9fad49e480105366f09e7c08cbeec499988b.jpeg,2023-03-21T09:57:47.266994Z,24084
2023-03-21T09:57:53.184049Z,5.617,ElectoralUnit,1,3207,/data/local-files/?d=image/0-00815142def517edfd42880c39e5ddf0e631b346.jpeg,2023-03-21T09:57:53.184018Z,24085
2023-03-21T09:57:55.141028Z,1.653,,1,3208,/data/local-files/?d=image/0-009dbab46340e8614312305452f7be99fd0262b7.jpeg,2023-03-21T09:57:55.140993Z,24086
2023-03-21T09:57:56.496115Z,1.137,,1,3209,/data/local-files/?d=image/0-00a4ccb4dc9039a7ffb920c720afc023b6ad1565.jpeg,2023-03-21T09:57:56.496032Z,24087
2023-03-21T09:57:58.538119Z,1.824,,1,3210,/data/local-files/?d=image/0-00aac7e0b886f04c2b088196a0b9877b47d27daa.jpg,2023-03-21T09:57:58.538086Z,24088
2023-03-21T09:58:01.527645Z,2.758,ElectoralUnit,1,3211,/data/local-files/?d=image/0-00b583d0d3a9543009a7c56cddc993e7dbaa1f6b.jpeg,2023-03-21T09:58:01.527612Z,24089
2023-03-21T09:58:04.338739Z,2.335,VoteBoard,1,3212,/data/local-files/?d=image/0-00d5d32ffa965bbab62f82de2e2bec85218770aa.jpeg,2023-03-21T09:58:04.338705Z,24090
2023-03-21T09:58:05.888351Z,1.221,,1,3213,/data/local-files/?d=image/0-00d775fd7d00798dc3a57265cda958bd1ff76d4f.jpeg,2023-03-21T09:58:05.888299Z,24091
2023-03-21T09:58:08.366366Z,2.177,ElectoralUnit,1,3214,/data/local-files/?d=image/0-010994939f5a9188c83885e42859aa2beda8c2f6.jpeg,2023-03-21T09:58:08.366318Z,24092
2023-03-21T09:58:14.322539Z,5.658,,1,3215,/data/local-files/?d=image/0-010a8e71386ff5a9030a1f8b39f58037a8ce9668.jpeg,2023-03-21T09:58:14.322502Z,24093
2023-03-21T09:58:16.878839Z,2.256,ElectoralUnit,1,3216,/data/local-files/?d=image/0-011b6807449a8d78d78fb3f82ba3968c15259796.jpeg,2023-03-21T09:58:16.878802Z,24094
2023-03-21T09:58:18.498280Z,1.332,,1,3217,/data/local-files/?d=image/0-01392285c672499664e41da6f34e3872ee56b30e.jpeg,2023-03-21T09:58:18.498207Z,24095
2023-03-21T09:58:20.460445Z,1.674,ElectoralUnit,1,3218,/data/local-files/?d=image/0-014a85ac7ca950721abbf6f250deb9e317a3c817.jpeg,2023-03-21T09:58:20.460411Z,24096
2023-03-21T09:58:22.157845Z,1.381,ElectoralUnit,1,3219,/data/local-files/?d=image/0-015ed52912546c406943bca21315150e332545bc.jpeg,2023-03-21T09:58:22.157805Z,24097
2023-03-21T09:58:24.033220Z,1.579,,1,3220,/data/local-files/?d=image/0-017c9d4d13b4fdec74534b44102b014a02fd95cc.jpeg,2023-03-21T09:58:24.033183Z,24098
2023-03-21T09:58:25.539794Z,1.233,ElectoralUnit,1,3221,/data/local-files/?d=image/0-018b0373c2464e2175bd2cd78926c8f3db80ecc8.jpeg,2023-03-21T09:58:25.539753Z,24099
2023-03-21T09:58:28.196777Z,2.374,VotePaper,1,3222,/data/local-files/?d=image/0-01aee8631d8314c946809b57ae931632cd844571.jpeg,2023-03-21T09:58:28.196741Z,24100
2023-03-21T09:58:32.131515Z,3.599,,1,3223,/data/local-files/?d=image/0-01bc5dbfe72121eb27c0cf8da415f76794fa70b5.jpeg,2023-03-21T09:58:32.131480Z,24101
2023-03-21T09:58:34.748234Z,2.396,ElectoralUnit,1,3224,/data/local-files/?d=image/0-01cb931fe68d96d2aa42340f622d458e5601fa22.jpeg,2023-03-21T09:58:34.748196Z,24102
2023-03-21T09:58:36.200384Z,1.223,ElectoralUnit,1,3225,/data/local-files/?d=image/0-01d441c4dd887622928b4f6de5fb879072fefee3.jpeg,2023-03-21T09:58:36.200350Z,24103
2023-03-21T09:58:37.811438Z,1.384,ElectoralUnit,1,3226,/data/local-files/?d=image/0-01d548ea16026168e35f4efbab03896d75ffd953.jpeg,2023-03-21T09:58:37.811358Z,24104
2023-03-21T09:58:39.258764Z,1.227,ElectoralUnit,1,3227,/data/local-files/?d=image/0-01d9a9eaaada27bad19749e1c1ca0b84d79fc711.jpeg,2023-03-21T09:58:39.258728Z,24105
2023-03-21T09:59:02.661652Z,23.157,VoteBoard,1,3228,/data/local-files/?d=image/0-01dde922a4b604be9974ddf853224152ef92c46a.jpeg,2023-03-21T09:59:02.661617Z,24106
2023-03-21T09:59:04.834836Z,1.913,,1,3229,/data/local-files/?d=image/0-01df2cb560acf2660024bcb62a19ce348b79f73f.jpeg,2023-03-21T09:59:04.834803Z,24107
2023-03-21T09:59:06.072018Z,1.018,,1,3230,/data/local-files/?d=image/0-01df86ad4c04b58313415463c1dd761d594bff23.jpeg,2023-03-21T09:59:06.071981Z,24108
2023-03-21T09:59:07.713967Z,1.415,,1,3231,/data/local-files/?d=image/0-01e5761d50874ed19eef3177cd92be997ded802b.jpeg,2023-03-21T09:59:07.713923Z,24109
2023-03-21T09:59:08.901647Z,0.962,,1,3232,/data/local-files/?d=image/0-020717876344c2b973413b880aaa43c2787ba061.jpeg,2023-03-21T09:59:08.901613Z,24110
2023-03-21T09:59:10.272714Z,1.143,,1,3233,/data/local-files/?d=image/0-0211ad6848a13ce2f86c12a566d7497808a2f463.jpeg,2023-03-21T09:59:10.272676Z,24111
2023-03-21T09:59:11.674505Z,1.18,,1,3234,/data/local-files/?d=image/0-0223caac31bffb586f3865ef6ca22e587eac5c46.jpeg,2023-03-21T09:59:11.674470Z,24112
2023-03-21T09:59:14.358155Z,2.464,ElectoralUnit,1,3235,/data/local-files/?d=image/0-022d221690bde78316d60587dea609cdec273bfb.jpeg,2023-03-21T09:59:14.358120Z,24113
2023-03-21T09:59:16.651237Z,2.063,,1,3236,/data/local-files/?d=image/0-02320be930140725f82d64409140e4a2241a5a56.jpeg,2023-03-21T09:59:16.651196Z,24114
2023-03-21T09:59:17.959462Z,1.087,,1,3237,/data/local-files/?d=image/0-0249d4b8dec1fc55fc1bb9ad3d20218ed0544f4d.jpeg,2023-03-21T09:59:17.959423Z,24115
2023-03-21T09:59:19.497644Z,1.316,,1,3238,/data/local-files/?d=image/0-025bc3844e8e72441476507d7597f13f305f6fe8.jpeg,2023-03-21T09:59:19.497585Z,24116
2023-03-21T09:59:20.751624Z,1.027,,1,3239,/data/local-files/?d=image/0-0266e78f8bb25d5665c3ad42a9f66f0b7f2488c6.jpeg,2023-03-21T09:59:20.751590Z,24117
2023-03-21T09:59:22.940352Z,1.792,ElectoralUnit,1,3240,/data/local-files/?d=image/0-026b5555baf47ce374b1787a460aa8faf47c6a2b.jpeg,2023-03-21T09:59:22.940312Z,24118
2023-03-21T09:59:24.564181Z,1.318,ElectoralUnit,1,3241,/data/local-files/?d=image/0-0288a8156601992a68668b35cf6fbd8c11e2bbfe.jpeg,2023-03-21T09:59:24.564146Z,24119
2023-03-21T09:59:44.453381Z,19.587,VotePaper,1,3242,/data/local-files/?d=image/0-029dcaddd9d6ca146bea23baed3867f07a7807b2.jpeg,2023-03-21T09:59:44.453345Z,24120
2023-03-21T09:59:46.885117Z,2.161,ElectoralUnit,1,3243,/data/local-files/?d=image/0-02a1a87c42a53642b4b607b17e3a5ff52582471e.jpeg,2023-03-21T09:59:46.885083Z,24121
2023-03-21T09:59:49.277368Z,2.137,ElectoralUnit,1,3244,/data/local-files/?d=image/0-02a5e41d95666dba02d35a70827f942641d23b99.jpeg,2023-03-21T09:59:49.277319Z,24122
2023-03-21T09:59:53.199605Z,3.694,ElectoralUnit,1,3245,/data/local-files/?d=image/0-02a8932db53694fa8df71d30462219327ee481c1.jpeg,2023-03-21T09:59:53.199573Z,24123
2023-03-21T09:59:54.924305Z,1.505,,1,3246,/data/local-files/?d=image/0-02af7d15e58f33ddbeaea6fbf3e8ab8a72c86f1b.jpeg,2023-03-21T09:59:54.924269Z,24124
2023-03-21T09:59:59.672084Z,4.521,,1,3247,/data/local-files/?d=image/0-02c1f0a6aaa6835a07ea71b1d1af801019a554d1.jpeg,2023-03-21T09:59:59.672014Z,24125
2023-03-21T10:00:02.541488Z,2.643,VoteBoard,1,3248,/data/local-files/?d=image/0-02c9d773de05e33cb1ecca67f0d1306f2d151768.jpeg,2023-03-21T10:00:02.541454Z,24126
2023-03-21T10:00:10.575314Z,7.791,ElectoralUnit,1,3249,/data/local-files/?d=image/0-02d4d369aa8d8a1abd45b048787912c1302c424c.jpeg,2023-03-21T10:00:10.575280Z,24127
2023-03-21T10:00:12.667352Z,1.559,ElectoralUnit,1,3250,/data/local-files/?d=image/0-02d9ca5f371c0897b24a4736912b46eaa95d4e9a.jpeg,2023-03-21T10:00:12.667313Z,24128
2023-03-21T10:00:16.876422Z,3.865,,1,3251,/data/local-files/?d=image/0-02f7cfeac1a7e199ad9989bf37cde9b77e20474d.jpeg,2023-03-21T10:00:16.876381Z,24129
2023-03-21T10:00:19.039978Z,1.847,,1,3252,/data/local-files/?d=image/0-02fbf818cb7a55a333e2d98bf9502df21094feee.jpg,2023-03-21T10:00:19.039937Z,24130
2023-03-21T10:00:23.362628Z,4.012,VotePaper,1,3253,/data/local-files/?d=image/0-02fdae428f785e94e897b6d847ce3a0c3864342c.jpeg,2023-03-21T10:00:23.362587Z,24131
2023-03-21T10:00:27.443274Z,3.782,,1,3254,/data/local-files/?d=image/0-031494e551f3a8232acb0cd278d4b62ce4179324.jpeg,2023-03-21T10:00:27.443159Z,24132
2023-03-21T10:00:28.676340Z,0.949,,1,3255,/data/local-files/?d=image/0-031a093bbca8786ffe0fcf561a2cfa95e299d30b.jpeg,2023-03-21T10:00:28.676303Z,24133
2023-03-21T10:00:30.669390Z,1.67,ElectoralUnit,1,3256,/data/local-files/?d=image/0-0320aeda680fd569f7ebb7f7ac121ec8a9aa0a7e.jpeg,2023-03-21T10:00:30.669353Z,24134
2023-03-21T10:00:31.961701Z,0.991,,1,3257,/data/local-files/?d=image/0-03256e5b5696d325b1ed5acc8b9b755b3ad26b76.jpeg,2023-03-21T10:00:31.961663Z,24135
2023-03-21T10:00:33.658975Z,1.386,ElectoralUnit,1,3258,/data/local-files/?d=image/0-03479531816311c881f838b21a0dc0b2f73317d5.jpeg,2023-03-21T10:00:33.658939Z,24136
2023-03-21T10:00:35.180043Z,1.208,ElectoralUnit,1,3259,/data/local-files/?d=image/0-035e34ebe1ef74bf4a3faf8c4bc74694c928d844.jpeg,2023-03-21T10:00:35.180007Z,24137
2023-03-21T10:00:45.327472Z,9.8,ElectoralUnit,1,3260,/data/local-files/?d=image/0-035e9d0e6a3bf95ea97c6a973f1c5a6bdbf65bc7.jpeg,2023-03-21T10:00:45.327442Z,24138
2023-03-21T10:00:46.966697Z,1.226,,1,3261,/data/local-files/?d=image/0-03684122b3e677a9f60413cfd98e4e7e26007ae5.jpeg,2023-03-21T10:00:46.966654Z,24139
2023-03-21T10:00:48.530965Z,1.28,ElectoralUnit,1,3262,/data/local-files/?d=image/0-036b961e34f251419b7c38590b44c77483e89301.jpeg,2023-03-21T10:00:48.530926Z,24140
2023-03-21T10:01:05.644241Z,16.885,VoteBoard,1,3263,/data/local-files/?d=image/0-0390f01f184c787395e6c1afd4499b2c57e2e0a9.jpeg,2023-03-21T10:01:05.644205Z,24141
2023-03-21T10:01:07.449989Z,1.573,ElectoralUnit,1,3264,/data/local-files/?d=image/0-03922219a1dd270ab0f991e67179ba23115e5e85.jpeg,2023-03-21T10:01:07.449957Z,24142
2023-03-21T10:01:11.183229Z,3.505,VotePaper,1,3265,/data/local-files/?d=image/0-03a5b11f97954fd3bde2f2f220a447573aeefd90.jpeg,2023-03-21T10:01:11.183194Z,24143
2023-03-21T10:01:13.795737Z,2.387,,1,3266,/data/local-files/?d=image/0-03b6f14c8a19cd5b7ea63a095f93078c1fcf4821.jpeg,2023-03-21T10:01:13.795690Z,24144
2023-03-21T10:01:30.517678Z,16.487,VotePaper,1,3267,/data/local-files/?d=image/0-03d6cb679fe580b11c7a22e60b6b6e1866c301f3.jpeg,2023-03-21T10:01:30.517640Z,24145
2023-03-21T10:01:33.526983Z,2.709,ElectoralUnit,1,3268,/data/local-files/?d=image/0-03e0323c39dd09ad703a2cbf93325939a4d6a475.jpeg,2023-03-21T10:01:33.526949Z,24146
2023-03-21T10:01:42.105354Z,8.273,,1,3269,/data/local-files/?d=image/0-03e3a160c14e66307fb725d79cdf07981ba337e7.jpeg,2023-03-21T10:01:42.105310Z,24147
2023-03-21T10:01:45.571187Z,3.169,VoteBoard,1,3270,/data/local-files/?d=image/0-03e3c02719982405f79142bc0d1118226eb00514.jpeg,2023-03-21T10:01:45.571148Z,24148
2023-03-21T10:01:48.538096Z,2.647,ElectoralUnit,1,3271,/data/local-files/?d=image/0-0411f6e8a6eeccfd5109bf50afbf0397ad74faa9.jpeg,2023-03-21T10:01:48.538036Z,24149
2023-03-21T10:01:51.468090Z,2.527,ElectoralUnit,1,3272,/data/local-files/?d=image/0-0416a9e51f31bfd8a2966492e240cfa31e98c362.jpeg,2023-03-21T10:01:51.468022Z,24150
2023-03-21T10:01:53.383195Z,1.557,ElectoralUnit,1,3273,/data/local-files/?d=image/0-041b4ea01f2065bd6d70d40bb76b86d0eab375ca.jpeg,2023-03-21T10:01:53.383136Z,24151
2023-03-21T10:01:55.627052Z,1.797,,1,3274,/data/local-files/?d=image/0-042437e4408bed6d786d5b931fda64b498f3fccb.jpeg,2023-03-21T10:01:55.626977Z,24152
2023-03-21T10:01:57.566288Z,1.594,ElectoralUnit,1,3275,/data/local-files/?d=image/0-04316f5b85ef9416f4f5e71650210c776c76f35d.jpeg,2023-03-21T10:01:57.566257Z,24153
2023-03-21T10:01:59.239772Z,1.411,ElectoralUnit,1,3276,/data/local-files/?d=image/0-043ff21460ab60dfbbd1ce250da06cafc5c85359.jpeg,2023-03-21T10:01:59.239705Z,24154
2023-03-21T10:02:03.261065Z,3.793,,1,3277,/data/local-files/?d=image/0-044d868379fb551c5d269e2a02ef56a9433b4a20.jpeg,2023-03-21T10:02:03.261028Z,24155
2023-03-21T10:02:05.104982Z,1.615,ElectoralUnit,1,3278,/data/local-files/?d=image/0-044e0d7bf2c3fd9fde5ea4a12992a167e7174fc3.jpeg,2023-03-21T10:02:05.104941Z,24156
2023-03-21T10:02:06.725529Z,1.395,ElectoralUnit,1,3279,/data/local-files/?d=image/0-044fd024554935737ae7c68afd92b95744a32f8c.jpeg,2023-03-21T10:02:06.725434Z,24157
2023-03-21T10:02:08.202205Z,1.247,,1,3280,/data/local-files/?d=image/0-045ed716a291360b4586899d46f6f053e39c2e16.jpeg,2023-03-21T10:02:08.202168Z,24158
2023-03-21T10:02:10.210520Z,1.787,,1,3281,/data/local-files/?d=image/0-046193b7b2289c0f0ca1e8dc45dbefdf106a5f4e.jpeg,2023-03-21T10:02:10.210485Z,24159
2023-03-21T10:02:11.883381Z,1.448,ElectoralUnit,1,3282,/data/local-files/?d=image/0-0467351d642764a7502bd9c9853b9ff89432b19f.jpeg,2023-03-21T10:02:11.883350Z,24160
2023-03-21T10:02:13.562538Z,1.45,,1,3283,/data/local-files/?d=image/0-0467c494f7bb1327df12bc9c898942fca0348b33.jpeg,2023-03-21T10:02:13.562504Z,24161
2023-03-21T10:02:17.801390Z,4.013,VoteBoard,1,3284,/data/local-files/?d=image/0-046a4cc26679497a2d7238617434089898523577.jpeg,2023-03-21T10:02:17.801354Z,24162
2023-03-21T10:02:21.863581Z,3.836,ElectoralUnit,1,3285,/data/local-files/?d=image/0-048b00e084f2647957dc2d196b7aca8f5f48f344.jpeg,2023-03-21T10:02:21.863549Z,24163
2023-03-21T10:02:23.288819Z,1.061,,1,3286,/data/local-files/?d=image/0-048f9ddab6282627112fba7d08e0fc5dce2d519e.jpeg,2023-03-21T10:02:23.288781Z,24164
2023-03-21T10:02:25.111344Z,1.597,ElectoralUnit,1,3287,/data/local-files/?d=image/0-049b69ead10fe3de5d01eee4241f384a6f3d244b.jpeg,2023-03-21T10:02:25.111310Z,24165
2023-03-21T10:02:31.409999Z,6.073,ElectoralUnit,1,3288,/data/local-files/?d=image/0-04af8039a7eb2fb144f966516ee844460d440328.jpeg,2023-03-21T10:02:31.409967Z,24166
2023-03-21T10:02:32.708931Z,1.072,ElectoralUnit,1,3289,/data/local-files/?d=image/0-04c1b0c2726824a23accfe8a1f0f06433d67dd1e.jpeg,2023-03-21T10:02:32.708894Z,24167
2023-03-21T10:02:33.966944Z,1.024,,1,3290,/data/local-files/?d=image/0-04c1cf7a91472cb3c62b5daeb4f97740655d5827.jpeg,2023-03-21T10:02:33.966912Z,24168
2023-03-21T10:02:48.405950Z,14.211,,1,3291,/data/local-files/?d=image/0-04c9c9aad7674aad8edc3ce47cf1e27941977e6c.jpg,2023-03-21T10:02:48.405910Z,24169
2023-03-21T10:02:52.123154Z,3.49,ElectoralUnit,1,3292,/data/local-files/?d=image/0-04d7333a2823860d19a75673f35a4da88c489d0a.jpeg,2023-03-21T10:02:52.123110Z,24170
2023-03-21T10:02:56.017563Z,3.658,VoteBoard,1,3293,/data/local-files/?d=image/0-04d9c9da54203f9ff756df1e16be399d92223bc3.jpeg,2023-03-21T10:02:56.017528Z,24171
2023-03-21T10:02:57.873978Z,1.427,ElectoralUnit,1,3294,/data/local-files/?d=image/0-04e0550a5d6ce2c1c924ede5857d794b939e5cf2.jpeg,2023-03-21T10:02:57.873942Z,24172
2023-03-21T10:02:59.690092Z,1.438,ElectoralUnit,1,3295,/data/local-files/?d=image/0-04f6739a9451d4545fb17c8f97e74ba00b624d66.jpeg,2023-03-21T10:02:59.690057Z,24173
2023-03-21T10:03:02.266961Z,2.246,VotePaper,1,3296,/data/local-files/?d=image/0-050357b5b91aca3e946fe374b557d9e14bdc8258.jpeg,2023-03-21T10:03:02.266906Z,24174
2023-03-21T10:03:12.897436Z,10.325,ElectoralUnit,1,3297,/data/local-files/?d=image/0-050f773dc3407373169a732773e87c0db93c1eb7.jpeg,2023-03-21T10:03:12.897401Z,24175
2023-03-21T10:03:16.326155Z,3.131,ElectoralUnit,1,3298,/data/local-files/?d=image/0-051b31e85c4b471e2371c8aa209efe1535875cf3.jpeg,2023-03-21T10:03:16.326119Z,24176
2023-03-21T10:03:17.727611Z,1.087,ElectoralUnit,1,3299,/data/local-files/?d=image/0-0521973630022803279764bea76eb896da88d86f.jpeg,2023-03-21T10:03:17.727576Z,24177
2023-03-21T10:03:25.906359Z,7.873,,1,3300,/data/local-files/?d=image/0-05235e42512653824a0eed55ef5e30d64edace29.jpeg,2023-03-21T10:03:25.906325Z,24178
2023-03-21T10:03:27.431070Z,1.214,,1,3301,/data/local-files/?d=image/0-053a0dbcf266dbf45df9a29b16833c856cc7e043.jpeg,2023-03-21T10:03:27.431030Z,24179
2023-03-21T10:03:29.525029Z,1.859,VoteBoard,1,3302,/data/local-files/?d=image/0-05413dc7450d1badbcfe32ccc5c06460f6f29a22.jpeg,2023-03-21T10:03:29.524992Z,24180
2023-03-21T10:03:30.963763Z,1.074,,1,3303,/data/local-files/?d=image/0-05496ff6295bf734f955cf9c93d68e0890dcd800.jpeg,2023-03-21T10:03:30.963724Z,24181
2023-03-21T10:03:32.863750Z,1.668,ElectoralUnit,1,3304,/data/local-files/?d=image/0-054bb3d34249a887ecfa7946fd9a8d66ddc926be.jpeg,2023-03-21T10:03:32.863715Z,24182
2023-03-21T10:03:38.260690Z,5.16,,1,3305,/data/local-files/?d=image/0-055229196c674f655958832a4447020571ba4565.jpeg,2023-03-21T10:03:38.260656Z,24183
2023-03-21T10:03:39.783920Z,1.282,ElectoralUnit,1,3306,/data/local-files/?d=image/0-0555fda7ec548c9dea484d70ccb67b5c480c9247.jpeg,2023-03-21T10:03:39.783879Z,24184
2023-03-21T10:03:41.970978Z,1.955,,1,3307,/data/local-files/?d=image/0-0558718fba357df09aef60597b1d8b0a0b9777e6.jpeg,2023-03-21T10:03:41.970940Z,24185
2023-03-21T10:03:43.694636Z,1.483,,1,3308,/data/local-files/?d=image/0-055e0f66b76fbf35fd938f18d695fbd471e61f1b.jpeg,2023-03-21T10:03:43.694603Z,24186
2023-03-21T10:03:45.291274Z,1.364,ElectoralUnit,1,3309,/data/local-files/?d=image/0-055e3d03ce7fe8b296072eaf91e1e7567aadfbd8.jpeg,2023-03-21T10:03:45.291239Z,24187
2023-03-21T10:03:49.108418Z,3.577,ElectoralUnit,1,3310,/data/local-files/?d=image/0-056061464d961c7d2466ea108df4e2fe83b88346.jpeg,2023-03-21T10:03:49.108382Z,24188
2023-03-21T10:03:50.592017Z,1.253,ElectoralUnit,1,3311,/data/local-files/?d=image/0-0567abbf3ba1eacd4996af0278112ae7ae5e8cf0.jpeg,2023-03-21T10:03:50.591976Z,24189
2023-03-21T10:03:51.963902Z,1.13,ElectoralUnit,1,3312,/data/local-files/?d=image/0-0569020cf0b31bf3be99838949c5e661bf079dae.jpeg,2023-03-21T10:03:51.963864Z,24190
2023-03-21T10:03:53.211353Z,1.013,ElectoralUnit,1,3313,/data/local-files/?d=image/0-057e4e9c9af66b5f0589991d9bd659f3f2cd6f64.jpeg,2023-03-21T10:03:53.211321Z,24191
2023-03-21T10:03:54.530579Z,1.09,ElectoralUnit,1,3314,/data/local-files/?d=image/0-058c2eb25ff99d7302806fe0893438b1dff3d420.jpeg,2023-03-21T10:03:54.530546Z,24192
2023-03-21T10:03:55.958540Z,1.193,ElectoralUnit,1,3315,/data/local-files/?d=image/0-0592a957386158020d8eecf26b702c796176bf8c.jpeg,2023-03-21T10:03:55.958505Z,24193
2023-03-21T10:03:57.321842Z,1.125,ElectoralUnit,1,3316,/data/local-files/?d=image/0-05cfa0a005ba2d335cf538acd55d0683c2f3f9d8.jpeg,2023-03-21T10:03:57.321802Z,24194
2023-03-21T10:04:00.221082Z,2.664,,1,3317,/data/local-files/?d=image/0-05d7b1a47087beefa169bf9cc93b152738150e70.jpeg,2023-03-21T10:04:00.221035Z,24195
2023-03-21T10:04:01.654951Z,1.198,ElectoralUnit,1,3318,/data/local-files/?d=image/0-06059195eecea7d31f858354b6afdda497f0256c.jpeg,2023-03-21T10:04:01.654914Z,24196
2023-03-21T10:04:04.079935Z,2.17,ElectoralUnit,1,3319,/data/local-files/?d=image/0-06149be08e83fea833e05e11e64d8885004fdece.jpeg,2023-03-21T10:04:04.079900Z,24197
2023-03-21T10:04:06.308698Z,1.996,VoteBoard,1,3320,/data/local-files/?d=image/0-0640899ab50f6f7a515c6a3541e9c340db2b339f.jpeg,2023-03-21T10:04:06.308664Z,24198
2023-03-21T10:04:08.054861Z,1.509,,1,3321,/data/local-files/?d=image/0-064a932445a6b8487154971672ac096cf799236b.jpeg,2023-03-21T10:04:08.054809Z,24199
2023-03-21T10:04:10.275413Z,1.994,VotePaper,1,3322,/data/local-files/?d=image/0-06565bcf2cd4d95b970d87db1355f65594049ce2.jpeg,2023-03-21T10:04:10.275380Z,24200
2023-03-21T10:04:11.941726Z,1.429,VoteBoard,1,3323,/data/local-files/?d=image/0-065dc657d362235e59a82787b63a59d2fddb9568.jpeg,2023-03-21T10:04:11.941692Z,24201
2023-03-21T10:04:13.652659Z,1.475,ElectoralUnit,1,3324,/data/local-files/?d=image/0-065f6024c2021c7aa3541e3267d01b1db55a523e.jpeg,2023-03-21T10:04:13.652623Z,24202
2023-03-21T10:04:25.683116Z,11.797,ElectoralUnit,1,3325,/data/local-files/?d=image/0-0672115d1d5822f3a5770aa34cace087dcdc9671.jpeg,2023-03-21T10:04:25.683048Z,24203
2023-03-21T10:04:27.125124Z,1.2,,1,3326,/data/local-files/?d=image/0-0689c990fe59a3d6c61d20afad3ea7e9541c1880.jpeg,2023-03-21T10:04:27.125091Z,24204
2023-03-21T10:04:34.037014Z,6.672,,1,3327,/data/local-files/?d=image/0-068bf0c26f2b8537b160e98ca10c1d8cfcdbffac.jpeg,2023-03-21T10:04:34.036979Z,24205
2023-03-21T10:04:35.794777Z,1.52,,1,3328,/data/local-files/?d=image/0-069c4acdd4c10907bbf698c1255d5a22eed28f68.jpeg,2023-03-21T10:04:35.794739Z,24206
2023-03-21T10:04:37.524944Z,1.493,ElectoralUnit,1,3329,/data/local-files/?d=image/0-06c878c862cd42347762cb289bec5ffb37f236a7.jpeg,2023-03-21T10:04:37.524906Z,24207
2023-03-21T10:04:38.710512Z,0.952,,1,3330,/data/local-files/?d=image/0-06ecafdf6465fa79d2c8ffcdee0115ec0d819f6b.jpeg,2023-03-21T10:04:38.710480Z,24208
2023-03-21T10:04:40.023434Z,1.073,,1,3331,/data/local-files/?d=image/0-06f9b5a7a87765e4cfc1b468a7c5f47d53f547bd.jpeg,2023-03-21T10:04:40.023401Z,24209
2023-03-21T10:04:41.775544Z,1.509,,1,3332,/data/local-files/?d=image/0-06fcaa3773e96bebfae08170336f734e469c4acd.jpeg,2023-03-21T10:04:41.775508Z,24210
2023-03-21T10:04:45.947125Z,3.934,,1,3333,/data/local-files/?d=image/0-070423ad650ec61c8113baa0c948ca4baba8c33a.jpeg,2023-03-21T10:04:45.947087Z,24211
2023-03-21T10:04:47.895439Z,1.717,ElectoralUnit,1,3334,/data/local-files/?d=image/0-0710f00388b0f90c2c527d32e9591d7b77dcb701.jpeg,2023-03-21T10:04:47.895388Z,24212
2023-03-21T10:04:49.271579Z,1.124,ElectoralUnit,1,3335,/data/local-files/?d=image/0-072014b1ca59f7bf64adaad37c4d20f9d0e81815.jpeg,2023-03-21T10:04:49.271544Z,24213
2023-03-21T10:04:51.182733Z,1.666,ElectoralUnit,1,3336,/data/local-files/?d=image/0-072b33d38c778eb5652356337cac1670d3360935.jpeg,2023-03-21T10:04:51.182693Z,24214
2023-03-21T10:04:52.445416Z,1.029,,1,3337,/data/local-files/?d=image/0-0733b1ef4c5262422fa65efc89cda69d2c46cead.jpeg,2023-03-21T10:04:52.445378Z,24215
2023-03-21T10:04:54.158865Z,1.171,,1,3338,/data/local-files/?d=image/0-07358f09a9c4103a275cf002d7cf15abdaa9b2fe.jpeg,2023-03-21T10:04:54.158831Z,24216
2023-03-21T10:04:56.074034Z,1.549,ElectoralUnit,1,3339,/data/local-files/?d=image/0-075f60296ade3b548618c53e1901533c33f59cae.jpeg,2023-03-21T10:04:56.073999Z,24217
2023-03-21T10:04:57.205036Z,0.793,,1,3340,/data/local-files/?d=image/0-076512f47ca253be67ca6f1f4131240a58f1f7c7.jpeg,2023-03-21T10:04:57.205002Z,24218
2023-03-21T10:04:58.943200Z,1.425,ElectoralUnit,1,3341,/data/local-files/?d=image/0-0766b398aa2afa1534e9128a22544e6d43ab031a.jpeg,2023-03-21T10:04:58.943165Z,24219
2023-03-21T14:31:18.376641Z,2.609,ElectoralUnit,1,3593,/data/local-files/?d=image/0-0795f480ea8ca83804c0a60abf8fa7ac3f5e19a2.jpeg,2023-03-21T14:31:18.376609Z,24220
2023-03-21T14:31:19.968146Z,1.393,,1,3594,/data/local-files/?d=image/0-079f26a7e4680879ae6eea68138e249edeb653dc.jpeg,2023-03-21T14:31:19.968115Z,24221
2023-03-21T14:31:21.712430Z,1.543,ElectoralUnit,1,3595,/data/local-files/?d=image/0-07a99d999d9043d75abae3ec84b0598dfafc9fbf.jpeg,2023-03-21T14:31:21.712400Z,24222
2023-03-21T14:31:23.037949Z,1.129,,1,3596,/data/local-files/?d=image/0-07ba2dc4c1868a78a89e966a8280173176654dee.jpeg,2023-03-21T14:31:23.037914Z,24223
2023-03-21T14:31:24.560810Z,1.314,,1,3597,/data/local-files/?d=image/0-07d1b0788c0c2d8532de4c58e20aab77b4e6518e.jpeg,2023-03-21T14:31:24.560778Z,24224
2023-03-21T14:31:26.415123Z,1.655,ElectoralUnit,1,3598,/data/local-files/?d=image/0-07e084364fea1c2d2484d6e6d612fb1d00611968.jpeg,2023-03-21T14:31:26.415091Z,24225
2023-03-21T14:31:27.913270Z,1.311,ElectoralUnit,1,3599,/data/local-files/?d=image/0-07e435da247f5e82749bcc7f0742f7fb589f6fd2.jpeg,2023-03-21T14:31:27.913242Z,24226
2023-03-21T14:35:08.543658Z,1.325,,1,3695,/data/local-files/?d=image/0-07f41dda5eeb42b87dec031bbc6e170a56728674.jpeg,2023-03-21T14:35:08.543628Z,24227
2023-03-21T14:31:34.887995Z,1.879,,1,3600,/data/local-files/?d=image/0-081adb61521749ba03131bfbbf7dec58dab2a117.jpeg,2023-03-21T14:31:34.887961Z,24229
2023-03-21T14:31:36.574094Z,1.449,ElectoralUnit,1,3601,/data/local-files/?d=image/0-0828f4ea3c161b9b1b8542cb90c7a33a0d12a8ce.jpeg,2023-03-21T14:31:36.574051Z,24230
2023-03-21T14:31:39.178367Z,2.306,ElectoralUnit,1,3602,/data/local-files/?d=image/0-08383c4728c3debde4dc20d96b500b1804fd809c.jpeg,2023-03-21T14:31:39.178333Z,24231
2023-03-21T14:31:40.880830Z,1.48,VoteBoard,1,3603,/data/local-files/?d=image/0-0848f3d62300b6e5158c08441400cfef4d63673b.jpeg,2023-03-21T14:31:40.880754Z,24232
2023-03-21T14:31:42.242492Z,1.08,,1,3604,/data/local-files/?d=image/0-0849e85643de65fe696b9ed51557f4e0dbcf82aa.jpeg,2023-03-21T14:31:42.242461Z,24233
2023-03-21T14:31:44.532570Z,1.908,,1,3605,/data/local-files/?d=image/0-0851d09fe54435c56395589fc599ad4067663921.jpeg,2023-03-21T14:31:44.532544Z,24234
2023-03-21T14:31:46.650547Z,1.828,ElectoralUnit,1,3606,/data/local-files/?d=image/0-08613a920766d7b54bf2d0364f396d72ce4d7de0.jpeg,2023-03-21T14:31:46.650501Z,24235
2023-03-21T14:31:47.864916Z,0.962,,1,3607,/data/local-files/?d=image/0-086532a8cd0e317fac57cb73d4fa767c50fc14dc.jpeg,2023-03-21T14:31:47.864887Z,24236
2023-03-21T14:31:48.915323Z,0.82,,1,3608,/data/local-files/?d=image/0-0881cad054ae5d03c103adaf669c6077eba7712c.jpeg,2023-03-21T14:31:48.915294Z,24237
2023-03-21T14:31:51.164300Z,2.025,ElectoralUnit,1,3609,/data/local-files/?d=image/0-0887403f05ecb5b92207f381e2fd248bf473d235.jpeg,2023-03-21T14:31:51.164271Z,24238
2023-03-21T14:31:53.072717Z,1.687,VoteBoard,1,3610,/data/local-files/?d=image/0-088dc578b68c77eeba757785f21b3f26efaf268e.jpeg,2023-03-21T14:31:53.072663Z,24239
2023-03-21T14:31:54.460025Z,1.152,VoteBoard,1,3611,/data/local-files/?d=image/0-089c87b90d4b1074fc07dfd4242a092536b32b55.jpeg,2023-03-21T14:31:54.459990Z,24240
2023-03-21T14:31:55.985687Z,1.302,ElectoralUnit,1,3612,/data/local-files/?d=image/0-08a15e5c6e75a496f2e08cb3dad8b1b547c1694a.jpeg,2023-03-21T14:31:55.985640Z,24241
2023-03-21T14:31:58.728064Z,2.515,ElectoralUnit,1,3613,/data/local-files/?d=image/0-08c0e8401074b1be9e6aa1475be89d7c0003e5cc.jpeg,2023-03-21T14:31:58.728032Z,24242
2023-03-21T14:32:00.701297Z,1.743,ElectoralUnit,1,3614,/data/local-files/?d=image/0-08c171f0fb590f18cf4192ff3831c9cab05e547d.jpeg,2023-03-21T14:32:00.701263Z,24243
2023-03-21T10:06:21.656976Z,6.423,VotePaper,1,3342,/data/local-files/?d=image/0-08d8d1bb90148d2c74b6507a649f6b7295b0e8d3.jpeg,2023-03-21T10:06:21.656936Z,24244
2023-03-21T14:32:01.921733Z,0.985,,1,3615,/data/local-files/?d=image/0-08d9384d239161df38211531e01f496f55171a3e.jpeg,2023-03-21T14:32:01.921698Z,24245
2023-03-21T14:32:04.184920Z,2.042,ElectoralUnit,1,3616,/data/local-files/?d=image/0-08f1bbb68b39f3b8a489404e3d0afc8f7a63dfac.jpeg,2023-03-21T14:32:04.184845Z,24246
2023-03-21T14:32:17.718433Z,2.084,,1,3618,/data/local-files/?d=image/0-090bc992f067ee3bdc38bdb67164b5d2e761eb76.jpeg,2023-03-21T14:32:17.718395Z,24248
2023-03-21T14:32:22.731835Z,2.025,ElectoralUnit,1,3621,/data/local-files/?d=image/0-0932e239a605e965e987167815c3a8f2ca5ac82b.jpeg,2023-03-21T14:32:22.731803Z,24251
2023-03-21T14:32:24.170630Z,1.252,ElectoralUnit,1,3622,/data/local-files/?d=image/0-094679f2bc446f39529bfa4c96c4be76deb4d599.jpeg,2023-03-21T14:32:24.170594Z,24252
2023-03-21T10:06:33.337831Z,1.66,VoteBoard,1,3344,/data/local-files/?d=image/0-094683ea3fb7d2db4070eecbfb35b67298d4c750.jpeg,2023-03-21T10:06:33.337796Z,24253
2023-03-21T10:06:29.617303Z,1.735,VoteBoard,1,3343,/data/local-files/?d=image/0-0949e62fbc46a3fac7b784f05c8e85d7bfbac58b.jpeg,2023-03-21T10:06:29.617267Z,24254
2023-03-21T14:32:25.540625Z,1.188,ElectoralUnit,1,3623,/data/local-files/?d=image/0-094b1736c3cbae40837f8d5e8a226f11648427a3.jpeg,2023-03-21T14:32:25.540594Z,24255
2023-03-21T14:32:39.525145Z,13.803,ElectoralUnit,1,3624,/data/local-files/?d=image/0-09631d4b4064b96efb150be185ea21e4661fc772.jpeg,2023-03-21T14:32:39.525117Z,24256
2023-03-21T14:32:40.726948Z,1.005,ElectoralUnit,1,3625,/data/local-files/?d=image/0-097112b14020d0fe0c830b57ae7fe38fe3e61a63.jpeg,2023-03-21T14:32:40.726918Z,24257
2023-03-21T14:32:41.962064Z,1.044,ElectoralUnit,1,3626,/data/local-files/?d=image/0-09771d07f8356b73c55a3549cf7381ea3f65111e.jpeg,2023-03-21T14:32:41.962036Z,24258
2023-03-21T14:32:43.238487Z,1.082,ElectoralUnit,1,3627,/data/local-files/?d=image/0-0993cad8bb8cb2c423efd28631e53974bd43aa8d.jpeg,2023-03-21T14:32:43.238458Z,24259
2023-03-21T14:32:44.468048Z,1.034,ElectoralUnit,1,3628,/data/local-files/?d=image/0-09a87c42b7836ddf3f2ac133f5f63dfaaf27101a.jpeg,2023-03-21T14:32:44.467968Z,24260
2023-03-21T14:32:45.968882Z,1.3,ElectoralUnit,1,3629,/data/local-files/?d=image/0-09b48adcbecae7bf32b81273483a671e4c41f209.jpeg,2023-03-21T14:32:45.968849Z,24261
2023-03-21T14:32:46.999582Z,0.849,ElectoralUnit,1,3630,/data/local-files/?d=image/0-09bf32f07f08539bc5d0a37a7b71e289b67ed7b8.jpeg,2023-03-21T14:32:46.999551Z,24262
2023-03-21T14:32:48.076489Z,0.894,ElectoralUnit,1,3631,/data/local-files/?d=image/0-09cbbe0bdc5119d33715ad62850d140eac9d34ee.jpeg,2023-03-21T14:32:48.076459Z,24263
2023-03-21T14:32:49.336993Z,1.075,,1,3632,/data/local-files/?d=image/0-09dfd96a0cd91913d2a16b064aeaafe272f9c5f6.jpeg,2023-03-21T14:32:49.336931Z,24264
2023-03-21T14:32:50.726669Z,1.199,ElectoralUnit,1,3633,/data/local-files/?d=image/0-09f3c9016019d127d7dd6b566ef7efe4d60c5487.jpeg,2023-03-21T14:32:50.726635Z,24265
2023-03-21T10:14:17.575957Z,3.22,,1,3409,/data/local-files/?d=image/0-09f742a22d8263dc18f23826f5d99f05be6d0a1d.jpeg,2023-03-21T10:14:17.575921Z,24266
2023-03-21T14:32:51.744244Z,0.836,,1,3634,/data/local-files/?d=image/0-09f7dc88a562f843ef74500c5c5a64f193702b70.jpeg,2023-03-21T14:32:51.744215Z,24267
2023-03-21T14:32:53.004717Z,1.078,,1,3635,/data/local-files/?d=image/0-09fe49adeffff69032774670f6e9de5a1c6f3640.jpeg,2023-03-21T14:32:53.004684Z,24268
2023-03-21T14:32:54.519702Z,1.305,ElectoralUnit,1,3636,/data/local-files/?d=image/0-0a17da5fb01c1ff2f9038cba18cd717d9cb3ea82.jpeg,2023-03-21T14:32:54.519624Z,24269
2023-03-21T10:14:24.235519Z,2.324,,1,3410,/data/local-files/?d=image/0-0a216ebff562d160a5795be6bbb059ea130e2202.jpeg,2023-03-21T10:14:24.235484Z,24270
2023-03-21T10:17:27.448038Z,6.837,ElectoralUnit,1,3411,/data/local-files/?d=image/0-0a245c5aeb142dfeb928555be9f914cfbb0c649a.jpeg,2023-03-21T10:14:27.821214Z,24271
2023-03-21T14:32:55.752423Z,1.054,,1,3637,/data/local-files/?d=image/0-0a339e6f0f71a0a210c3dc64329152793da911b0.jpeg,2023-03-21T14:32:55.752395Z,24272
2023-03-21T14:32:57.016884Z,1.085,,1,3638,/data/local-files/?d=image/0-0a357893a077c5b9ee8f8af817ae2990af72b563.jpeg,2023-03-21T14:32:57.016850Z,24273
2023-03-21T14:32:58.036478Z,0.837,,1,3639,/data/local-files/?d=image/0-0a3a52d06d2f9a0fbf0c3ac1470439068f7de482.jpeg,2023-03-21T14:32:58.036443Z,24274
2023-03-21T14:33:26.005718Z,1.758,ElectoralUnit,1,3643,/data/local-files/?d=image/0-0a6137ca8e746c18e996c27a48e96bfd4b4ef584.jpeg,2023-03-21T14:33:26.005686Z,24278
2023-03-21T10:19:37.069680Z,1.268,,1,3413,/data/local-files/?d=image/0-0aa219e3c85b35b45385184da60ef57ee50bf5b7.jpeg,2023-03-21T10:19:37.069646Z,24283
2023-03-21T14:33:38.303341Z,2.661,VotePaper,1,3659,/data/local-files/?d=image/0-0b5cbe1a541ab52c80729a905e2cc4c98906ea7d.jpeg,2023-03-21T14:33:38.303309Z,24295
2023-03-21T14:33:39.702551Z,1.214,VoteBoard,1,3660,/data/local-files/?d=image/0-0b651e7ead16609b197b8bb35a475e96bd308040.jpeg,2023-03-21T14:33:39.702518Z,24296
2023-03-21T14:33:41.024706Z,1.103,VoteBoard,1,3661,/data/local-files/?d=image/0-0b67a94e4ee736df3cd4a0315d86eb4a510f4694.jpeg,2023-03-21T14:33:41.024673Z,24297
2023-03-21T14:33:43.337588Z,2.119,,1,3662,/data/local-files/?d=image/0-0b8f0da78ed0bb8ef34b77faf22b337101d96630.jpeg,2023-03-21T14:33:43.337555Z,24298
2023-03-21T14:33:45.379407Z,1.859,ElectoralUnit,1,3663,/data/local-files/?d=image/0-0b9745f7b49e044a85d2e7257c0b194288606f6d.jpeg,2023-03-21T14:33:45.379356Z,24299
2023-03-21T14:33:46.726211Z,1.151,ElectoralUnit,1,3664,/data/local-files/?d=image/0-0b9b5f6e4799a806eb20886d9b079e6b4f6a86fd.jpeg,2023-03-21T14:33:46.726181Z,24300
2023-03-21T14:33:48.090409Z,1.177,ElectoralUnit,1,3665,/data/local-files/?d=image/0-0ba7943e1da40842ae50d14386fb43bdc53ec170.jpeg,2023-03-21T14:33:48.090378Z,24301
2023-03-21T14:33:49.444565Z,1.16,,1,3666,/data/local-files/?d=image/0-0ba81022b9a1c64075235d03c3fa026cf22ab13b.jpeg,2023-03-21T14:33:49.444533Z,24302
2023-03-21T14:33:54.700164Z,2.559,ElectoralUnit,1,3667,/data/local-files/?d=image/0-0bb6263f80bb339ad6e7b21f3163fd13774e3f8a.jpeg,2023-03-21T14:33:50.878534Z,24303
2023-03-21T10:07:30.731386Z,5.746,VoteBoard,1,3345,/data/local-files/?d=image/0-0bbd7123a9df4c7d6d889ed6bb87fcefc721a710.jpeg,2023-03-21T10:07:30.731351Z,24304
2023-03-21T10:07:36.420749Z,1.941,VoteBoard,1,3346,/data/local-files/?d=image/0-0bda9ddaada93b76e63ef3382e9410eb676516db.jpeg,2023-03-21T10:07:36.420708Z,24305
2023-03-21T14:33:58.482356Z,1.352,ElectoralUnit,1,3668,/data/local-files/?d=image/0-0bdee24dec9e6f9e1f60597fa1730804b47aa67f.jpeg,2023-03-21T14:33:58.482322Z,24306
2023-03-21T14:34:00.138447Z,1.471,,1,3669,/data/local-files/?d=image/0-0be7e80e11ae313b107374306945a772983bb3f9.jpeg,2023-03-21T14:34:00.138400Z,24307
2023-03-21T14:34:02.926417Z,2.595,ElectoralUnit,1,3670,/data/local-files/?d=image/0-0c07c449013461240a131e9921ce76f4b371c9a4.jpeg,2023-03-21T14:34:02.926383Z,24308
2023-03-21T10:14:36.857164Z,6.547,ElectoralUnit,1,3412,/data/local-files/?d=image/0-0c0889a617b54c49c7c3d1d2ab0e9865bf49869f.jpeg,2023-03-21T10:14:36.857123Z,24309
2023-03-21T14:34:05.052539Z,1.938,ElectoralUnit,1,3671,/data/local-files/?d=image/0-0c0cda8b49d42f0174cce197cb1d840295391cfc.jpeg,2023-03-21T14:34:05.052507Z,24310
2023-03-21T14:34:06.814357Z,1.576,ElectoralUnit,1,3672,/data/local-files/?d=image/0-0c183d02f1e6c5d8d01b4e6b2881d7501261015a.jpeg,2023-03-21T14:34:06.814326Z,24311
2023-03-21T14:34:08.256384Z,1.254,ElectoralUnit,1,3673,/data/local-files/?d=image/0-0c1a890cb5a6913ef911c7d4faa6ef22c730b0b0.jpeg,2023-03-21T14:34:08.256354Z,24312
2023-03-21T14:34:12.323522Z,2.365,ElectoralUnit,1,3675,/data/local-files/?d=image/0-0c353977f2a895cc4ac2b41ac4388b5018278bff.jpeg,2023-03-21T14:34:12.323492Z,24314
2023-03-21T14:34:13.835184Z,1.323,,1,3676,/data/local-files/?d=image/0-0c38cf5f62ee79b0be73262e8d051d43e66433a8.jpeg,2023-03-21T14:34:13.835153Z,24315
2023-03-21T14:34:15.579525Z,1.564,ElectoralUnit,1,3677,/data/local-files/?d=image/0-0c4ccf8ef3ca55309d90c4e4cc56d5cc6623ee96.jpeg,2023-03-21T14:34:15.579496Z,24316
2023-03-21T14:34:16.970760Z,1.201,,1,3678,/data/local-files/?d=image/0-0c4d2aad08436c51638a0b65d7388564413ae439.jpeg,2023-03-21T14:34:16.970732Z,24317
2023-03-21T14:34:19.884862Z,2.724,,1,3679,/data/local-files/?d=image/0-0c4fad0fae2d001d2125fb187433d6ee9266926c.jpg,2023-03-21T14:34:19.884830Z,24318
2023-03-21T14:34:22.039650Z,1.967,ElectoralUnit,1,3680,/data/local-files/?d=image/0-0c696c7cb1a8933255025663846ca010317393da.jpeg,2023-03-21T14:34:22.039618Z,24319
2023-03-21T14:34:23.272746Z,1.045,ElectoralUnit,1,3681,/data/local-files/?d=image/0-0c6c83fa93a00579e1bd090072ff9281901a3a19.jpeg,2023-03-21T14:34:23.272716Z,24320
2023-03-21T14:34:24.624873Z,1.16,,1,3682,/data/local-files/?d=image/0-0c748c59f6a7f55480b42792fb4d910a021bcf21.jpeg,2023-03-21T14:34:24.624844Z,24321
2023-03-21T14:34:26.264624Z,1.456,,1,3683,/data/local-files/?d=image/0-0c77255f5cd130f67aeb224d3825890b99cc8a19.jpeg,2023-03-21T14:34:26.264590Z,24322
2023-03-21T14:34:27.537000Z,1.082,,1,3684,/data/local-files/?d=image/0-0c7d8b0e9f56eabd67811c502364585cc39ed196.jpeg,2023-03-21T14:34:27.536967Z,24323
2023-03-21T14:34:28.475216Z,0.746,,1,3685,/data/local-files/?d=image/0-0c8b439b4e21fd1cc21cc7dd420e9c9df9eb68af.jpeg,2023-03-21T14:34:28.475184Z,24324
2023-03-21T14:34:29.960933Z,1.304,ElectoralUnit,1,3686,/data/local-files/?d=image/0-0c9a65d5a5ff239bb864603fb84531ed1734712c.jpeg,2023-03-21T14:34:29.960897Z,24325
2023-03-21T14:34:31.445791Z,1.296,ElectoralUnit,1,3687,/data/local-files/?d=image/0-0c9d35136c8c39eb5f522f678b64fd4726b1ad74.jpeg,2023-03-21T14:34:31.445760Z,24326
2023-03-21T14:34:33.104633Z,1.475,ElectoralUnit,1,3688,/data/local-files/?d=image/0-0ca304a87680bcf6b9637cdc1b323ae5b8dedebd.jpeg,2023-03-21T14:34:33.104602Z,24327
2023-03-21T14:34:34.259776Z,0.974,,1,3689,/data/local-files/?d=image/0-0cb19bc1b97abb838dfce38b3267cda432cf0b25.jpeg,2023-03-21T14:34:34.259744Z,24328
2023-03-21T14:34:35.693782Z,1.253,ElectoralUnit,1,3690,/data/local-files/?d=image/0-0cb51428ee58fa149da7ce0d97e38e64e7d75723.jpeg,2023-03-21T14:34:35.693731Z,24329
2023-03-21T14:34:37.061451Z,1.177,ElectoralUnit,1,3691,/data/local-files/?d=image/0-0cc278025467d4329722be30fafbb10498b36fb1.jpeg,2023-03-21T14:34:37.061418Z,24330
2023-03-21T14:34:38.252319Z,1.004,,1,3692,/data/local-files/?d=image/0-0cd25f7f613d2e1e5e2eff15cb12640babf81940.jpeg,2023-03-21T14:34:38.252286Z,24331
2023-03-21T14:34:39.846085Z,1.384,ElectoralUnit,1,3693,/data/local-files/?d=image/0-0cd4739756d71dd1c2ae2296900493c5af56a361.jpeg,2023-03-21T14:34:39.846048Z,24332
2023-03-21T14:34:41.411554Z,1.377,ElectoralUnit,1,3694,/data/local-files/?d=image/0-0cdec60c26536eebf684c9d820fbd4015434a2f3.jpeg,2023-03-21T14:34:41.411524Z,24333
2023-03-21T10:08:12.345846Z,3.493,VotePaper,1,3347,/data/local-files/?d=image/0-0d24380de1514ad137e2b9e1b2d7b30dee89b0f2.jpeg,2023-03-21T10:08:12.345805Z,24341
2023-03-21T10:08:43.625511Z,4.062,VoteBoard,1,3348,/data/local-files/?d=image/0-0d9802e3a02cfc293659ead324b717abf1dc7c96.jpeg,2023-03-21T10:08:43.625485Z,24347
2023-03-21T10:08:59.777198Z,2.948,VotePaper,1,3349,/data/local-files/?d=image/0-0dde427fa5bc1a0fdb887336263963badaa708a1.jpeg,2023-03-21T10:08:59.777161Z,24352
2023-03-21T10:09:04.210627Z,2.456,VoteBoard,1,3350,/data/local-files/?d=image/0-0dec6f36b92989926d1c74c87235a62ce15cba5f.jpeg,2023-03-21T10:09:04.210594Z,24354
2023-03-21T10:09:33.791823Z,3.288,VoteBoard,1,3351,/data/local-files/?d=image/0-0e12876f4b31da176334030cf3613952fc6e6400.jpeg,2023-03-21T10:09:33.791791Z,24357
2023-03-21T10:09:36.898621Z,1.52,VoteBoard,1,3352,/data/local-files/?d=image/0-0e184c051c06571b630e644c8cd4b5eb9fbdf403.jpeg,2023-03-21T10:09:36.898509Z,24358
2023-03-21T10:09:44.220311Z,0.133,,1,3353,/data/local-files/?d=image/0-0e6785031bf9b53ba9abef647c5c2ba5b4fb60fb.jpeg,2023-03-21T10:09:44.220265Z,24366
2023-03-21T10:09:46.412103Z,1.078,,1,3354,/data/local-files/?d=image/0-0e69b92edc65394f21d940e572a4f9facbd73a60.jpeg,2023-03-21T10:09:46.412066Z,24367
2023-03-21T10:09:52.270217Z,4.563,VotePaper,1,3355,/data/local-files/?d=image/0-0e6cb2b7fff3a75c31665b9945f20002ccca3a72.jpeg,2023-03-21T10:09:52.270179Z,24368
2023-03-21T10:09:59.287129Z,4.99,VoteBoard,1,3356,/data/local-files/?d=image/0-0e755396cca9e1d9249ecb56396a794d4149f686.jpeg,2023-03-21T10:09:59.287096Z,24370
2023-03-21T10:10:02.651153Z,1.296,VoteBoard,1,3357,/data/local-files/?d=image/0-0e8739b824b45b356b913a0ba3e029e94024b60b.jpeg,2023-03-21T10:10:02.651117Z,24372
2023-03-21T10:10:14.346302Z,2.629,VoteBoard,1,3358,/data/local-files/?d=image/0-0f9aa8d5f6517d2d625c6fdfdf624e8686ef0169.jpeg,2023-03-21T10:10:14.346264Z,24394
2023-03-21T10:10:17.984122Z,1.127,VoteBoard,1,3359,/data/local-files/?d=image/0-0fc5a771854ca15f8aef8e4f6a89af8b0b535fe6.jpeg,2023-03-21T10:10:17.984060Z,24398
2023-03-21T10:22:13.017378Z,14.957,ElectoralUnit,1,3443,/data/local-files/?d=image/0-0fdfcc83394a3927869380219afded648882431a.jpeg,2023-03-21T10:22:13.017344Z,24401
2023-03-21T10:10:34.771674Z,1.122,VotePaper,1,3364,/data/local-files/?d=image/0-1-001057702b2727aa4dbc21430fdda48f63259a4b.jpeg,2023-03-21T10:10:34.771641Z,24402
2023-03-21T10:10:21.488528Z,1.365,VoteBoard,1,3360,/data/local-files/?d=image/0-1-001356c3fe5790e64205dc28fbddcc514b004972.jpeg,2023-03-21T10:10:21.488492Z,24403
2023-03-21T10:10:28.264332Z,2.351,VotePaper,1,3362,/data/local-files/?d=image/0-1-001ddd4976a13361415b46aadbf3c87381e199cb.jpeg,2023-03-21T10:10:28.264295Z,24404
2023-03-21T10:10:31.984322Z,2.669,VotePaper,1,3363,/data/local-files/?d=image/0-1-0026f119ca2f733af0eb7af3fa4678695dede100.jpeg,2023-03-21T10:10:31.984286Z,24405
2023-03-21T10:10:24.463722Z,0.884,VoteBoard,1,3361,/data/local-files/?d=image/0-1-002acb743f1dfd6f8d36f28267e67853df1059ea.jpeg,2023-03-21T10:10:24.463687Z,24406
2023-03-21T10:10:41.656644Z,2.338,VoteBoard,1,3366,/data/local-files/?d=image/0-1-0031045a5d99427a7f7928d4645ca7dac26d8e04.jpeg,2023-03-21T10:10:41.656612Z,24407
2023-03-21T10:21:56.807176Z,1.258,,1,3442,/data/local-files/?d=image/0-1-00398eb7041ed619e18ccd0179eaef2cde9d8fb9.jpeg,2023-03-21T10:21:56.807095Z,24408
2023-03-21T10:21:51.303537Z,0.511,,1,3440,/data/local-files/?d=image/0-1-00404b98db0c92050b65cf47d372ee8cdf08ffb5.jpeg,2023-03-21T10:21:51.303503Z,24409
2023-03-21T10:21:52.693900Z,0.093,,1,3441,/data/local-files/?d=image/0-1-0043407863e5df7755a18dd762e8cb6a20f4bdf1.jpeg,2023-03-21T10:21:52.693854Z,24410
2023-03-21T10:21:49.682867Z,1.758,,1,3439,/data/local-files/?d=image/0-1-0043ffd94e2dce8f16d1da81a330b32d69057ce7.jpeg,2023-03-21T10:21:49.682832Z,24411
2023-03-21T10:21:46.698200Z,3.313,,1,3438,/data/local-files/?d=image/0-1-0048db3e79df405fcbf5e09192323110422bc41e.jpeg,2023-03-21T10:21:46.698165Z,24412
2023-03-21T10:21:41.867038Z,0.583,VoteBoard,1,3437,/data/local-files/?d=image/0-1-004a8a73d93dc16779365668b6836463f6489bbe.jpeg,2023-03-21T10:21:41.867000Z,24413
2023-03-21T10:21:40.258183Z,1.94,VotePaper,1,3436,/data/local-files/?d=image/0-1-00565313909c56abb3cf44f41bd526d6d00c7464.jpeg,2023-03-21T10:21:40.258147Z,24414
2023-03-21T10:21:36.834129Z,2.338,VotePaper,1,3435,/data/local-files/?d=image/0-1-005cac0acd5df8ddd353a17085601a563743504f.jpeg,2023-03-21T10:21:36.834096Z,24415
2023-03-21T10:10:38.126821Z,1.087,VotePaper,1,3365,/data/local-files/?d=image/0-1-005d7bc3860cb82d4cc86923490c8989fe082037.jpeg,2023-03-21T10:10:38.126778Z,24416
2023-03-21T10:10:43.809035Z,0.838,VoteBoard,1,3367,/data/local-files/?d=image/0-1-00634c9be720a703c34f6ac40a91cc5960e5340a.jpeg,2023-03-21T10:10:43.808986Z,24417
2023-03-21T10:10:46.092070Z,1.151,VotePaper,1,3368,/data/local-files/?d=image/0-1-007164b868b372b2d78ca7603ef2c42cbca8dfec.jpeg,2023-03-21T10:10:46.092038Z,24418
2023-03-21T10:10:47.988469Z,0.713,VotePaper,1,3369,/data/local-files/?d=image/0-1-007a32b35dd3ceaa97c46c31e1b98e004d877fe7.jpeg,2023-03-21T10:10:47.988434Z,24419
2023-03-21T10:10:51.093462Z,1.432,VoteBoard,1,3370,/data/local-files/?d=image/0-1-008f0a54823b7f2830901208738c83af9dca85dc.jpeg,2023-03-21T10:10:51.093414Z,24420
2023-03-21T10:10:53.589384Z,1.364,VoteBoard,1,3371,/data/local-files/?d=image/0-1-009260c63a7c780fba344e5a8feab6e09d846abb.jpeg,2023-03-21T10:10:53.589352Z,24421
2023-03-21T10:10:56.063466Z,1.028,VotePaper,1,3372,/data/local-files/?d=image/0-1-0094aeed9e6dd194908968adc252f7978ff2946a.jpeg,2023-03-21T10:10:56.063426Z,24422
2023-03-21T10:11:00.043338Z,2.666,VoteBoard,1,3373,/data/local-files/?d=image/0-1-009bb0c56f83fa10a33d5514eab8ffd4bf1bba4b.jpeg,2023-03-21T10:11:00.043301Z,24423
2023-03-21T10:11:12.815635Z,3.262,,1,3374,/data/local-files/?d=image/0-1-009da9531ede2e87800c4dbaa300713739e5cfbf.jpeg,2023-03-21T10:11:12.815594Z,24424
2023-03-21T10:11:15.617380Z,1.746,VoteBoard,1,3375,/data/local-files/?d=image/0-1-00a0eb0e4b097223fb5758f5005108ca5a972b3b.jpeg,2023-03-21T10:11:15.617348Z,24425
2023-03-21T10:11:18.124532Z,1.38,,1,3376,/data/local-files/?d=image/0-1-00a4ccb4dc9039a7ffb920c720afc023b6ad1565.jpeg,2023-03-21T10:11:18.124477Z,24426
2023-03-21T10:11:23.381501Z,4.112,VotePaper,1,3377,/data/local-files/?d=image/0-1-00a797166fcb679cd6444e0ac78da0e7608f51b7.jpeg,2023-03-21T10:11:23.381465Z,24427
2023-03-21T10:11:26.884665Z,1.571,VotePaper,1,3378,/data/local-files/?d=image/0-1-00aa52ede2429a28a89f32bd9a0509ad2611f8f3.jpeg,2023-03-21T10:11:26.884613Z,24428
2023-03-21T10:11:44.981193Z,16.89,VoteBoard,1,3379,/data/local-files/?d=image/0-1-00c455d7d22d9ded35be58d82c262c9ebbcd8c09.jpeg,2023-03-21T10:11:44.981156Z,24429
2023-03-21T10:11:47.948378Z,1.301,VoteBoard,1,3380,/data/local-files/?d=image/0-1-00d5d32ffa965bbab62f82de2e2bec85218770aa.jpeg,2023-03-21T10:11:47.948343Z,24430
2023-03-21T10:11:50.539163Z,1.415,VoteBoard,1,3381,/data/local-files/?d=image/0-1-00d5fd894375b2c6f808da08df74b2931ad7c6a7.jpeg,2023-03-21T10:11:50.539130Z,24431
2023-03-21T10:11:53.124795Z,1.534,VoteBoard,1,3382,/data/local-files/?d=image/0-1-00d96b4f8f341a99fa9ae0c3122e6fe056e16ab9.jpeg,2023-03-21T10:11:53.124755Z,24432
2023-03-21T10:11:55.397031Z,1.154,VoteBoard,1,3383,/data/local-files/?d=image/0-1-00db804ccea04c7c2c12ca8fb961097c7ce0aa57.jpeg,2023-03-21T10:11:55.396923Z,24433
2023-03-21T10:11:57.049090Z,0.7,VoteBoard,1,3384,/data/local-files/?d=image/0-1-00de20c05d6112a4024dd69c48c553f717173007.jpeg,2023-03-21T10:11:57.049057Z,24434
2023-03-21T10:11:58.860430Z,0.701,VoteBoard,1,3385,/data/local-files/?d=image/0-1-00df763975050b473beb96b1a2c0b7e0cd1a33dd.jpeg,2023-03-21T10:11:58.860395Z,24435
2023-03-21T10:12:01.251781Z,1.281,VotePaper,1,3386,/data/local-files/?d=image/0-1-00e0f94464e5c51d704317f80d955894e5d34dcc.jpeg,2023-03-21T10:12:01.251746Z,24436
2023-03-21T10:12:03.801752Z,0.653,VoteBoard,1,3387,/data/local-files/?d=image/0-1-00e3ab4971743814a68e18097771d764864c0503.jpeg,2023-03-21T10:12:03.801716Z,24437
2023-03-21T10:12:12.408303Z,5.8,VotePaper,1,3388,/data/local-files/?d=image/0-1-00f071e944aac2b6b48d75cba3a26517b3ee5df5.jpeg,2023-03-21T10:12:12.408263Z,24438
2023-03-21T10:12:28.932070Z,3.882,VoteBoard,1,3389,/data/local-files/?d=image/0-1-00f7301a670f35bc44edac3143bea9ee5469c232.jpeg,2023-03-21T10:12:28.932035Z,24439
2023-03-21T10:12:34.703009Z,2.511,VoteBoard,1,3390,/data/local-files/?d=image/0-1-01011f86a09f9bc8aebd688243334ed04c3430f5.jpeg,2023-03-21T10:12:34.702971Z,24440
2023-03-21T10:12:41.046955Z,5.116,VotePaper,1,3391,/data/local-files/?d=image/0-1-0102b062040d00455ce1826c6029f0c2fe9700ad.jpeg,2023-03-21T10:12:41.046923Z,24441
2023-03-21T10:21:32.907061Z,1.074,,1,3434,/data/local-files/?d=image/0-1-010b6ca5961cdd05efc828ecdd3aa37957a6cf1f.jpeg,2023-03-21T10:21:32.907023Z,24442
2023-03-21T10:12:59.157605Z,1.631,VoteBoard,1,3392,/data/local-files/?d=image/0-1-010defa6e8bfc0cf80d1cdb2d06698715668c6f2.jpeg,2023-03-21T10:12:59.157567Z,24443
2023-03-21T10:13:00.973271Z,0.727,VoteBoard,1,3393,/data/local-files/?d=image/0-1-0115bed6b663a7b66d9d2716902b5cd407236ab9.jpeg,2023-03-21T10:13:00.973233Z,24444
2023-03-21T10:13:03.254956Z,1.071,VoteBoard,1,3394,/data/local-files/?d=image/0-1-011880ce0d818a8b741451118fc816b39e55986e.jpeg,2023-03-21T10:13:03.254925Z,24445
2023-03-21T10:21:30.681447Z,0.314,,1,3433,/data/local-files/?d=image/0-1-011d11455284ee755c7b4309e5d236de01929a20.jpeg,2023-03-21T10:21:30.681402Z,24446
2023-03-21T10:21:28.758666Z,0.408,,1,3432,/data/local-files/?d=image/0-1-01218c47b26b4f3d6b3b87e8e0e8eb946fd58390.jpeg,2023-03-21T10:21:28.758631Z,24447
2023-03-21T10:21:27.401902Z,1.009,,1,3431,/data/local-files/?d=image/0-1-0123bf48b8ce8ab1a7a0f40017cb2851317bc178.jpeg,2023-03-21T10:21:27.401822Z,24448
2023-03-21T10:21:25.368539Z,0.686,,1,3430,/data/local-files/?d=image/0-1-0126c1eb8a52dd0d7e88ed1c9638e0cf83dcc411.jpeg,2023-03-21T10:21:25.368413Z,24449
2023-03-21T10:21:22.773981Z,0.746,VoteBoard,1,3429,/data/local-files/?d=image/0-1-0127151389ff24d9e046b133fbe7345190a4ded5.jpeg,2023-03-21T10:21:22.773848Z,24450
2023-03-21T10:21:20.858161Z,1.619,VoteBoard,1,3428,/data/local-files/?d=image/0-1-01304c3b229f9de703bd636efa5a8e1b8efe0000.jpeg,2023-03-21T10:21:20.858121Z,24451
2023-03-21T10:21:18.197584Z,0.986,VoteBoard,1,3427,/data/local-files/?d=image/0-1-01351b44111c8748f42bb74ef5eb0f0c3d869b08.jpeg,2023-03-21T10:21:18.197550Z,24452
2023-03-21T10:21:15.585568Z,2.199,VoteBoard,1,3426,/data/local-files/?d=image/0-1-0137ef6945b20cd8f891124880b4b6adb49798ae.jpeg,2023-03-21T10:21:15.585486Z,24453
2023-03-21T10:21:12.455981Z,1.577,,1,3425,/data/local-files/?d=image/0-1-0141a982deead33425ad175934d24c5bef1b106d.jpeg,2023-03-21T10:21:12.455945Z,24454
2023-03-21T10:21:09.292268Z,0.836,VotePaper,1,3424,/data/local-files/?d=image/0-1-014f32da503e5606a9f6a055f0e0a6369fd65352.jpeg,2023-03-21T10:21:09.292231Z,24455
2023-03-21T10:21:07.357061Z,39.341,VoteBoard,1,3423,/data/local-files/?d=image/0-1-0152bed40cf2bb912ba19219b57dcd0214264b32.jpeg,2023-03-21T10:21:07.357015Z,24456
2023-03-21T10:20:26.913806Z,0.84,VoteBoard,1,3422,/data/local-files/?d=image/0-1-0154ccd2c2a444299c171303dd08fcee7eb59899.jpeg,2023-03-21T10:20:26.913770Z,24457
2023-03-21T10:20:24.152212Z,0.749,VoteBoard,1,3421,/data/local-files/?d=image/0-1-01586e14fa8138333ccb87b301b6bfda3a917276.jpeg,2023-03-21T10:20:24.152175Z,24458
2023-03-21T10:20:22.428259Z,0.64,VoteBoard,1,3420,/data/local-files/?d=image/0-1-015bcd95528a0ae7418155ac7338efc104577a0c.jpeg,2023-03-21T10:20:22.428217Z,24459
2023-03-21T10:20:20.717813Z,0.968,VoteBoard,1,3419,/data/local-files/?d=image/0-1-015f16abd1e0ac80d990e71203f67a1a9831cb6e.jpeg,2023-03-21T10:20:20.717746Z,24460
2023-03-21T10:20:18.704992Z,1.631,VoteBoard,1,3418,/data/local-files/?d=image/0-1-016105bbca08303edcbf2cb3959fd5b79f0d5eba.jpeg,2023-03-21T10:20:18.704953Z,24461
2023-03-21T10:20:15.908860Z,5.905,VotePaper,1,3417,/data/local-files/?d=image/0-1-0165caf7cfd8cabea06e2a5ff6b5de74d956547d.jpeg,2023-03-21T10:20:15.908823Z,24462
2023-03-21T10:20:08.862587Z,1.442,VoteBoard,1,3416,/data/local-files/?d=image/0-1-016738ccee442efe6368cb8555656c7981f3de8f.jpeg,2023-03-21T10:20:08.862552Z,24463
2023-03-21T10:20:03.455332Z,13.157,VotePaper,1,3414,/data/local-files/?d=image/0-1-016a648953d76c80484669619343150ea4ad7694.jpeg,2023-03-21T10:20:03.455288Z,24464
2023-03-21T10:23:50.614846Z,3.694,VotePaper,1,3415,/data/local-files/?d=image/0-1-017253c7d26220acac7198d41d2e6d060bf283ed.jpeg,2023-03-21T10:20:06.227440Z,24465
2023-03-21T10:13:05.954207Z,1.185,VoteBoard,1,3395,/data/local-files/?d=image/0-1-01926f5cc0d3ba62ff2e237a3f8bca1b711ceddf.jpeg,2023-03-21T10:13:05.954175Z,24466
2023-03-21T10:13:07.700438Z,0.722,VoteBoard,1,3396,/data/local-files/?d=image/0-1-0195519d4c96f4e07e223209de5af2c928933d5b.jpeg,2023-03-21T10:13:07.700397Z,24467
2023-03-21T10:13:10.258480Z,1.362,VoteBoard,1,3397,/data/local-files/?d=image/0-1-019979216c0c2c864afb874540d45ebd08b12310.jpeg,2023-03-21T10:13:10.258443Z,24468
2023-03-21T10:13:11.924262Z,0.545,VoteBoard,1,3398,/data/local-files/?d=image/0-1-01a2a04daf8d9e6270ebb95bdb59ebfdea6d6fc2.jpeg,2023-03-21T10:13:11.924221Z,24469
2023-03-21T10:13:15.031680Z,2.012,VotePaper,1,3399,/data/local-files/?d=image/0-1-01a5ef387fa8b7cc81c51954f0fc5d1089a4c101.jpeg,2023-03-21T10:13:15.031646Z,24470
2023-03-21T10:13:16.718518Z,0.695,VoteBoard,1,3400,/data/local-files/?d=image/0-1-01afe5381068b3dc70b195950c3635ad447cbc33.jpeg,2023-03-21T10:13:16.718473Z,24471
2023-03-21T10:13:18.501204Z,0.635,VoteBoard,1,3401,/data/local-files/?d=image/0-1-01b1a05c9916adcad30ffa4ec0717633e21d6dc9.jpeg,2023-03-21T10:13:18.501125Z,24472
2023-03-21T10:13:25.371161Z,1.824,VotePaper,1,3402,/data/local-files/?d=image/0-1-01b318abf78d92d78998e172030147b97aa93b63.jpeg,2023-03-21T10:13:25.371114Z,24473
2023-03-21T10:13:27.556584Z,1.009,VoteBoard,1,3403,/data/local-files/?d=image/0-1-01b40da6c3fdeee52e1a1e6bc8ead3362bbbb748.jpeg,2023-03-21T10:13:27.556537Z,24474
2023-03-21T10:13:42.029836Z,1.753,VoteBoard,1,3404,/data/local-files/?d=image/0-1-01b8bddfd5d18cc2d97fafc56d55e03977740cb5.jpeg,2023-03-21T10:13:42.029800Z,24475
2023-03-21T10:13:45.404458Z,2.329,VotePaper,1,3405,/data/local-files/?d=image/0-1-01c4f8379d2d8f9c9eed7f850e81d54bde18dd90.jpeg,2023-03-21T10:13:45.404422Z,24476
2023-03-21T10:13:48.502293Z,1.724,VoteBoard,1,3406,/data/local-files/?d=image/0-1-01c74bac893527605d55bf0c1b23a6096040baa3.jpeg,2023-03-21T10:13:48.502236Z,24477
2023-03-21T10:13:52.930702Z,3.237,VoteBoard,1,3407,/data/local-files/?d=image/0-1-01c8972fb960ec2fa9adb5f1ba05a09d18925e97.jpeg,2023-03-21T10:13:52.930668Z,24478
2023-03-21T10:13:55.744686Z,1.257,VoteBoard,1,3408,/data/local-files/?d=image/0-1-01cd2e620fac6ff9f787ca5b1dc944e19e45ea81.jpeg,2023-03-21T10:13:55.744652Z,24479
2023-03-21T10:23:47.161894Z,0.469,VoteBoard,1,3458,/data/local-files/?d=image/0-1-01d5e9c9a7727b3e76b6e393095925f4d32ca12f.jpeg,2023-03-21T10:23:47.161860Z,24480
2023-03-21T10:23:45.254922Z,2.088,VoteBoard,1,3457,/data/local-files/?d=image/0-1-01dde922a4b604be9974ddf853224152ef92c46a.jpeg,2023-03-21T10:23:45.254886Z,24481
2023-03-21T10:23:42.131991Z,1.159,VoteBoard,1,3456,/data/local-files/?d=image/0-1-01df8e35428baa580bd997a80a0467730e8e82cc.jpeg,2023-03-21T10:23:42.131960Z,24482
2023-03-21T10:23:39.887611Z,0.914,VoteBoard,1,3455,/data/local-files/?d=image/0-1-01e14514a3375e3b0b705df8c8514f60396ab67c.jpeg,2023-03-21T10:23:39.887574Z,24483
2023-03-21T10:23:37.873656Z,1.051,VoteBoard,1,3454,/data/local-files/?d=image/0-1-01ef6e86d5e699f6d9b35739d64abe067f98b421.jpeg,2023-03-21T10:23:37.873620Z,24484
2023-03-21T10:23:35.362458Z,0.554,VotePaper,1,3453,/data/local-files/?d=image/0-1-01f31975b7e39d47dca43258dc87e9ab12b8277a.jpeg,2023-03-21T10:23:35.362423Z,24485
2023-03-21T10:23:33.877089Z,1.123,VotePaper,1,3452,/data/local-files/?d=image/0-1-02004992fb349c51c36bc0083c8d72b58d4d5185.jpeg,2023-03-21T10:23:33.877052Z,24486
2023-03-21T10:23:31.706491Z,0.694,VotePaper,1,3451,/data/local-files/?d=image/0-1-02024d8049b649e6280dec03eb440be72369e051.jpeg,2023-03-21T10:23:31.706455Z,24487
2023-03-21T10:23:30.085878Z,2.266,VoteBoard,1,3450,/data/local-files/?d=image/0-1-020c2ecbdeedf1b973b97b0d66f7dc808a0b62ae.jpeg,2023-03-21T10:23:30.085833Z,24488
2023-03-21T10:23:21.756313Z,16.392,VotePaper,1,3449,/data/local-files/?d=image/0-1-0213587a759f4de8774700cc0e6c3423fe2be6f9.jpeg,2023-03-21T10:23:21.756269Z,24489
2023-03-21T10:22:56.701981Z,12.148,VotePaper,1,3448,/data/local-files/?d=image/0-1-0219e4c8919107115d0db73839da8e7dd1f7b634.jpeg,2023-03-21T10:22:56.701822Z,24490
2023-03-21T10:22:43.132849Z,6.929,VoteBoard,1,3447,/data/local-files/?d=image/0-1-021b2ee54b7b1084f2895f66aff0dddeebaa0e1b.jpeg,2023-03-21T10:22:43.132815Z,24491
2023-03-21T10:22:34.317370Z,1.323,VoteBoard,1,3446,/data/local-files/?d=image/0-1-0225152c08ec10cfeff577dc13194c84ea4a885f.jpeg,2023-03-21T10:22:34.317323Z,24492
2023-03-21T10:22:20.549218Z,0.97,VoteBoard,1,3445,/data/local-files/?d=image/0-1-022e66bff10bd16262d79f9e2eb8c74a76bf4b57.jpeg,2023-03-21T10:22:20.549184Z,24493
2023-03-21T10:22:18.550507Z,1.955,VotePaper,1,3444,/data/local-files/?d=image/0-1-023c069d2c75d78eab87a61081fcaca7ecbbfbe1.jpeg,2023-03-21T10:22:18.550474Z,24494
2023-03-21T14:35:16.694774Z,1.532,VotePaper,1,3696,/data/local-files/?d=image/0-1-02403b2ee542f0d21911fc48b3a7ef43238239f3.jpeg,2023-03-21T14:35:16.694748Z,24495
2023-03-21T14:35:18.383043Z,0.711,VotePaper,1,3697,/data/local-files/?d=image/0-1-02483d529abe9cf638a76ab0c798919f17a8b1ec.jpeg,2023-03-21T14:35:18.383012Z,24496
2023-03-21T14:35:20.222076Z,0.832,VotePaper,1,3698,/data/local-files/?d=image/0-1-0263a6517e25caa2ff0f77c0e8d36b2a142bd02d.jpeg,2023-03-21T14:35:20.222045Z,24497
2023-03-21T14:35:23.178345Z,1.413,VotePaper,1,3699,/data/local-files/?d=image/0-1-02652bc5bc6c890a8f484b657cbbae87353c4af8.jpeg,2023-03-21T14:35:23.178309Z,24498
2023-03-21T14:35:24.925653Z,0.75,VotePaper,1,3700,/data/local-files/?d=image/0-1-026606af4c8b75ffc7545dbf881347bf46fc4829.jpeg,2023-03-21T14:35:24.925622Z,24499
2023-03-21T14:35:26.454191Z,0.558,VotePaper,1,3701,/data/local-files/?d=image/0-1-026683fb40b2572369f6eb31e78f5ae7edce2574.jpeg,2023-03-21T14:35:26.454157Z,24500
2023-03-21T14:35:30.049977Z,1.643,VoteBoard,1,3702,/data/local-files/?d=image/0-1-0271cf5b8309c89c70e4f96fd085799df684cb2d.jpeg,2023-03-21T14:35:30.049902Z,24501
2023-03-21T14:35:32.810616Z,1.053,VotePaper,1,3703,/data/local-files/?d=image/0-1-027271fe3b2d4f5a3b5351935a400b50255096e2.jpeg,2023-03-21T14:35:32.810586Z,24502
2023-03-21T14:35:36.552111Z,2.357,VotePaper,1,3704,/data/local-files/?d=image/0-1-027444284d3c318c7fc418b63be1ba0c3eadc251.jpeg,2023-03-21T14:35:36.552044Z,24503
2023-03-21T14:35:38.422207Z,0.665,VoteBoard,1,3705,/data/local-files/?d=image/0-1-02793696f93047a41c6b065ba184a83304f166c9.jpeg,2023-03-21T14:35:38.422176Z,24504
2023-03-21T14:35:40.622669Z,0.83,VotePaper,1,3706,/data/local-files/?d=image/0-1-0283881353c38ee2634a79233f46fbe0c8e437ed.jpeg,2023-03-21T14:35:40.622639Z,24505
2023-03-21T14:35:42.950905Z,1.26,VoteBoard,1,3707,/data/local-files/?d=image/0-1-0284c8cb75ad357614ccc858c834acaaeaacf713.jpeg,2023-03-21T14:35:42.950869Z,24506
2023-03-21T14:35:46.354242Z,1.988,VoteBoard,1,3708,/data/local-files/?d=image/0-1-028b578716d3321c2a68391d6bcbcbbcc427583e.jpeg,2023-03-21T14:35:46.354211Z,24507
2023-03-21T14:35:48.905433Z,1.562,VoteBoard,1,3709,/data/local-files/?d=image/0-1-028e05d98caff6cc4f086be58925a70ad6e43397.jpeg,2023-03-21T14:35:48.905396Z,24508
2023-03-21T14:35:51.765573Z,1.646,VoteBoard,1,3710,/data/local-files/?d=image/0-1-0297ab5205b2457cb083e613739915a4f0f45292.jpeg,2023-03-21T14:35:51.765542Z,24509
2023-03-21T14:35:53.908074Z,1.137,VotePaper,1,3711,/data/local-files/?d=image/0-1-029dcaddd9d6ca146bea23baed3867f07a7807b2.jpeg,2023-03-21T14:35:53.908043Z,24510
2023-03-21T14:35:55.751765Z,0.657,VoteBoard,1,3712,/data/local-files/?d=image/0-1-02a135c8c0672319e5648e7f0aed7db10d65cb84.jpeg,2023-03-21T14:35:55.751736Z,24511
2023-03-21T14:35:57.751875Z,1.07,VotePaper,1,3713,/data/local-files/?d=image/0-1-02a276cab8cdbae5f7b28fd6efc6c2acd32734da.jpeg,2023-03-21T14:35:57.751840Z,24512
2023-03-21T14:35:59.527457Z,0.851,VoteBoard,1,3714,/data/local-files/?d=image/0-1-02a35a1dad4cdc6db4e031eb45430bb60610119f.jpeg,2023-03-21T14:35:59.527423Z,24513
2023-03-21T14:36:02.218588Z,1.059,VoteBoard,1,3715,/data/local-files/?d=image/0-1-02a425e331f11d8e28e24fdf08e1edad36e5b760.jpeg,2023-03-21T14:36:02.218557Z,24514
2023-03-21T14:36:03.910631Z,0.749,VoteBoard,1,3716,/data/local-files/?d=image/0-1-02a9b7477e7f099d378c8e220bb51ce724f9f9e2.jpeg,2023-03-21T14:36:03.910599Z,24515
2023-03-21T14:36:06.169915Z,1.198,VoteBoard,1,3717,/data/local-files/?d=image/0-1-02aad7275c90007087118525242bd7eddaa05300.jpeg,2023-03-21T14:36:06.169883Z,24516
2023-03-21T14:36:08.378990Z,0.715,VoteBoard,1,3718,/data/local-files/?d=image/0-1-02ab6e05de552c1e37f3f93a8af61c0611c07b0e.jpeg,2023-03-21T14:36:08.378956Z,24517
2023-03-21T14:36:10.522910Z,1.201,VoteBoard,1,3719,/data/local-files/?d=image/0-1-02c9d773de05e33cb1ecca67f0d1306f2d151768.jpeg,2023-03-21T14:36:10.522876Z,24518
2023-03-21T14:36:13.013588Z,0.679,VoteBoard,1,3720,/data/local-files/?d=image/0-1-02cf4b1d29281a09a8e0288d9257a179a59b908b.jpeg,2023-03-21T14:36:13.013558Z,24519
2023-03-21T14:36:14.701875Z,0.697,VoteBoard,1,3721,/data/local-files/?d=image/0-1-02cffa43a8bc07c156f44cf9a15b7e237aa6ffcd.jpeg,2023-03-21T14:36:14.701831Z,24520
2023-03-21T14:36:18.687529Z,0.972,VotePaper,1,3722,/data/local-files/?d=image/0-1-02e69149f745c283c4ae082d4a0e1cb96c51c54b.jpeg,2023-03-21T14:36:18.687446Z,24521
2023-03-21T14:36:20.406157Z,0.523,VoteBoard,1,3723,/data/local-files/?d=image/0-1-02ed0b2c6cd55899d1af8cb8adeef305651bca36.jpeg,2023-03-21T14:36:20.406127Z,24522
2023-03-21T14:36:22.514401Z,0.703,VoteBoard,1,3724,/data/local-files/?d=image/0-1-02f0a241101e994baecd41686848412eb944da67.jpeg,2023-03-21T14:36:22.514357Z,24523
2023-03-21T14:36:26.806539Z,3.28,VoteBoard,1,3725,/data/local-files/?d=image/0-1-02fd2b70ecdd285678623e442b9c403d2c605902.jpeg,2023-03-21T14:36:26.806509Z,24524
2023-03-21T14:36:28.598141Z,0.794,VotePaper,1,3726,/data/local-files/?d=image/0-1-02fdae428f785e94e897b6d847ce3a0c3864342c.jpeg,2023-03-21T14:36:28.598104Z,24525
2023-03-21T14:36:33.461301Z,3.81,VoteBoard,1,3727,/data/local-files/?d=image/0-1-03038d9e4a509d95976fed8a6314f2d3596dc200.jpeg,2023-03-21T14:36:33.461269Z,24526
2023-03-21T14:36:35.602137Z,0.992,VotePaper,1,3728,/data/local-files/?d=image/0-1-030b3a800dcc56b7c0c391f7896282e45fdc82ed.jpeg,2023-03-21T14:36:35.602106Z,24527
2023-03-21T14:36:39.043105Z,0.973,VotePaper,1,3729,/data/local-files/?d=image/0-1-0332be7de467a7c3d705385464934459a9baf4f9.jpeg,2023-03-21T14:36:39.043073Z,24531
2023-03-21T14:36:40.804115Z,0.835,VotePaper,1,3730,/data/local-files/?d=image/0-1-03399bad96c4843d6dd77d1ce075bbf05cbd58f6.jpeg,2023-03-21T14:36:40.804084Z,24532
2023-03-21T14:36:44.358171Z,1.936,VoteBoard,1,3731,/data/local-files/?d=image/0-1-03480426941c221fae2c8a7e0590d8d6888a9d3a.jpeg,2023-03-21T14:36:44.358140Z,24533
2023-03-21T14:36:46.286522Z,1.021,VotePaper,1,3732,/data/local-files/?d=image/0-1-03482427072d35e2889f9218acb03cc58c0e5f97.jpeg,2023-03-21T14:36:46.286492Z,24534
2023-03-21T14:36:48.660630Z,1.423,VotePaper,1,3733,/data/local-files/?d=image/0-1-034b4ddff23de607222f27d770ff67a3fbc726ce.jpeg,2023-03-21T14:36:48.660598Z,24535
2023-03-21T14:36:50.999368Z,1.41,VoteBoard,1,3734,/data/local-files/?d=image/0-1-034fec883005c0d3c8ac2b5c3d4ecc8175e555a0.jpeg,2023-03-21T14:36:50.999333Z,24536
2023-03-21T14:36:54.459977Z,1.681,VoteBoard,1,3735,/data/local-files/?d=image/0-1-03557fd5c3a0c7d623473f16b5723542b5527533.jpeg,2023-03-21T14:36:54.459932Z,24537
2023-03-21T14:36:56.311054Z,0.877,VotePaper,1,3736,/data/local-files/?d=image/0-1-035ed19e0203cd6cb2c6d613b994784be847e09e.jpeg,2023-03-21T14:36:56.311022Z,24538
2023-03-21T14:36:58.978504Z,1.021,VoteBoard,1,3737,/data/local-files/?d=image/0-1-035ed1a3047f4ff3af986bd6432d4a1ad4f98b90.jpeg,2023-03-21T14:36:58.978471Z,24539
2023-03-21T14:37:01.071204Z,1.123,VoteBoard,1,3738,/data/local-files/?d=image/0-1-03800e91ae5db33dccbdc6ac085d78d645cad2e8.jpeg,2023-03-21T14:37:01.071171Z,24540
2023-03-21T14:37:03.254911Z,1.195,VoteBoard,1,3739,/data/local-files/?d=image/0-1-038150c890bcbff7b6bb21a2ecb7ccd839b72724.jpeg,2023-03-21T14:37:03.254880Z,24541
2023-03-21T14:37:05.588322Z,1.356,VoteBoard,1,3740,/data/local-files/?d=image/0-1-0383797fed348d3be45f219ed18b295444ddc46a.jpeg,2023-03-21T14:37:05.588289Z,24542
2023-03-21T14:37:08.445541Z,1.172,VoteBoard,1,3741,/data/local-files/?d=image/0-1-03864bab2797575dfddeb47df5b810146b138ca6.jpeg,2023-03-21T14:37:08.445508Z,24543
2023-03-21T14:37:10.739964Z,1.215,VotePaper,1,3742,/data/local-files/?d=image/0-1-0395caec894e85f44c663edeebf838f6cf5811a7.jpeg,2023-03-21T14:37:10.739931Z,24544
2023-03-21T14:37:13.524028Z,1.278,VoteBoard,1,3743,/data/local-files/?d=image/0-1-0398b183f2d70f44c4745673b3c38442f65c614e.jpeg,2023-03-21T14:37:13.523991Z,24545
2023-03-21T14:37:15.281960Z,0.808,VoteBoard,1,3744,/data/local-files/?d=image/0-1-03ab46ff1187377de8ce215d2ef367553d5fe1c4.jpeg,2023-03-21T14:37:15.281929Z,24546
2023-03-21T14:37:17.171685Z,0.915,VotePaper,1,3745,/data/local-files/?d=image/0-1-03ab89a2db452561e97a1188f198e9353862fb66.jpeg,2023-03-21T14:37:17.171653Z,24547
2023-03-21T14:37:19.974105Z,0.783,VoteBoard,1,3746,/data/local-files/?d=image/0-1-03afd804cb49ae1a72514aeeefdd52d56fe3f95c.jpeg,2023-03-21T14:37:19.974071Z,24548
2023-03-21T14:37:21.800111Z,0.868,VotePaper,1,3747,/data/local-files/?d=image/0-1-03c961157daf18a4e3f081f3949da39036eae598.jpeg,2023-03-21T14:37:21.800081Z,24549
2023-03-21T14:37:24.218969Z,0.89,VoteBoard,1,3748,/data/local-files/?d=image/0-1-03e2c32354cddf503105c5f6f8ff3632e1c5c69a.jpeg,2023-03-21T14:37:24.218937Z,24550
2023-03-21T14:37:26.653333Z,1.426,VoteBoard,1,3749,/data/local-files/?d=image/0-1-03f14dc97f94a9dfb43adfd39de1b25582a58ece.jpeg,2023-03-21T14:37:26.653282Z,24551
2023-03-21T14:37:28.785321Z,1.117,VoteBoard,1,3750,/data/local-files/?d=image/0-1-03f404ef268aa7b5f48aab7639110c9df04451a8.jpeg,2023-03-21T14:37:28.785293Z,24552
2023-03-21T10:23:58.567166Z,0.597,VoteBoard,1,3460,/data/local-files/?d=image/0-1-03fbb2f2ee082e1d62010c22fcbee1e0706dbb08.jpeg,2023-03-21T10:23:58.567125Z,24554
2023-03-21T10:23:57.004318Z,2.233,VoteBoard,1,3459,/data/local-files/?d=image/0-1-0414cea60908dbf8b33300452916c9514acadcf1.jpeg,2023-03-21T10:23:57.004283Z,24555
2023-03-21T10:24:00.381999Z,0.486,VoteBoard,1,3461,/data/local-files/?d=image/0-1-041859ee7fe424763a99cea6cfe4de22ec9cdc8d.jpeg,2023-03-21T10:24:00.381956Z,24556
2023-03-21T10:24:04.341995Z,2.267,VoteBoard,1,3462,/data/local-files/?d=image/0-1-041937c8776535d503a159aa87eae8a9f9567e50.jpeg,2023-03-21T10:24:04.341955Z,24557
2023-03-21T10:24:08.364285Z,2.28,VoteBoard,1,3463,/data/local-files/?d=image/0-1-0419be3460a3f227e268e109c03cb96bb8fd779b.jpeg,2023-03-21T10:24:08.364252Z,24558
2023-03-21T10:24:10.364294Z,0.893,VoteBoard,1,3464,/data/local-files/?d=image/0-1-041e6e61e58a4a7ad491822cd0bb4e132dd627e4.jpeg,2023-03-21T10:24:10.364263Z,24559
2023-03-21T10:24:12.925134Z,1.12,VoteBoard,1,3465,/data/local-files/?d=image/0-1-04236c6316b6862e88fedb6282a988be3c198586.jpeg,2023-03-21T10:24:12.925100Z,24560
2023-03-21T10:24:15.962476Z,1.3719999999999999,VoteBoard,1,3466,/data/local-files/?d=image/0-1-04262ec21d821f46ef28b4409de0046c155e0ead.jpeg,2023-03-21T10:24:14.586943Z,24561
2023-03-21T14:37:32.494653Z,1.477,VoteBoard,1,3751,/data/local-files/?d=image/0-1-042757f219b43f49de1b9b16fe1215c5ffdf3edb.jpeg,2023-03-21T14:37:32.494622Z,24562
2023-03-21T14:37:34.977479Z,1.33,VotePaper,1,3752,/data/local-files/?d=image/0-1-042caae6bad50f60d82e3bf35590f9ebd6dc1380.jpeg,2023-03-21T14:37:34.977448Z,24564
2023-03-21T14:37:39.522758Z,2.659,,1,3753,/data/local-files/?d=image/0-1-0434d85580e4d282cba513a2a0d23d85d8370bc8.jpeg,2023-03-21T14:37:39.522725Z,24566
2023-03-21T14:37:43.101854Z,1.261,VotePaper,1,3754,/data/local-files/?d=image/0-1-044c03ab4c084ac99df48cb84fddc2fdd0293373.jpeg,2023-03-21T14:37:43.101817Z,24569
2023-03-21T14:37:45.360003Z,1.338,VoteBoard,1,3755,/data/local-files/?d=image/0-1-04548c9fcec18e347f74c30cc1e90e1ec769b06f.jpeg,2023-03-21T14:37:45.359974Z,24570
2023-03-21T10:24:18.058610Z,0.746,VoteBoard,1,3467,/data/local-files/?d=image/0-1-046a4cc26679497a2d7238617434089898523577.jpeg,2023-03-21T10:24:18.058574Z,24577
2023-03-21T10:24:21.677606Z,2.048,VoteBoard,1,3468,/data/local-files/?d=image/0-1-047c47068f7fd100a1d3a0f5ba1adb518dd2c48a.jpeg,2023-03-21T10:24:21.677569Z,24578
2023-03-21T10:24:26.175895Z,2.48,VotePaper,1,3469,/data/local-files/?d=image/0-1-04921045203de4bc6429b007289c65eea03c5e58.jpeg,2023-03-21T10:24:26.175859Z,24580
2023-03-21T10:24:28.329135Z,1.037,VotePaper,1,3470,/data/local-files/?d=image/0-1-049828415c35c81460e4d921c2655ff448962cc8.jpeg,2023-03-21T10:24:28.329097Z,24581
2023-03-21T10:24:31.918221Z,2.094,VoteBoard,1,3471,/data/local-files/?d=image/0-1-04a9c0c4bda4fab74d76a6bba762773c370ae512.jpeg,2023-03-21T10:24:31.918183Z,24582
2023-03-21T10:25:03.130973Z,4.8100000000000005,VoteBoard,1,3472,/data/local-files/?d=image/0-1-04ae8f497a398536c3e59e4679a879446cccad0f.jpeg,2023-03-21T10:25:00.270142Z,24583
2023-03-21T10:25:05.169475Z,0.915,VoteBoard,1,3473,/data/local-files/?d=image/0-1-04b30b94a733327290bad81a8e62724e3ec34ff9.jpeg,2023-03-21T10:25:05.169439Z,24584
2023-03-21T10:25:07.786322Z,1.587,VotePaper,1,3474,/data/local-files/?d=image/0-1-04be3ce830795024e289eaa8591bad616762ec2b.jpeg,2023-03-21T10:25:07.786286Z,24585
2023-03-21T10:25:09.674086Z,0.795,VotePaper,1,3475,/data/local-files/?d=image/0-1-04c12c144fb266ca3517a086becc4ab00b22a662.jpeg,2023-03-21T10:25:09.674052Z,24586
2023-03-21T10:25:12.704657Z,1.136,VotePaper,1,3476,/data/local-files/?d=image/0-1-04d7e9b8d51770a731e3b87a8a04d7437bf29e1a.jpeg,2023-03-21T10:25:12.704623Z,24587
2023-03-21T10:25:15.797625Z,1.925,VoteBoard,1,3477,/data/local-files/?d=image/0-1-04e463e449d9194ba3eb01185813109f72b91180.jpeg,2023-03-21T10:25:15.797587Z,24588
2023-03-21T10:25:47.606890Z,11.758,VotePaper,1,3478,/data/local-files/?d=image/0-1-04f52b97d1ff5afbcb1cd2bcfb0fe8cffe13d1b6.jpeg,2023-03-21T10:25:47.606853Z,24590
2023-03-21T10:25:49.566793Z,0.815,VotePaper,1,3479,/data/local-files/?d=image/0-1-04f6f15d4905285c8f842fc97e50ec9e705902da.jpeg,2023-03-21T10:25:49.566758Z,24591
2023-03-21T10:25:53.393004Z,0.551,VoteBoard,1,3480,/data/local-files/?d=image/0-1-04fdcbaa53388570e9cdc5304b783442fc25a807.jpeg,2023-03-21T10:25:53.392960Z,24592
2023-03-21T10:26:19.380496Z,24.529,VotePaper,1,3481,/data/local-files/?d=image/0-1-050357b5b91aca3e946fe374b557d9e14bdc8258.jpeg,2023-03-21T10:26:19.380454Z,24593
2023-03-21T10:26:21.837662Z,1.493,VotePaper,1,3482,/data/local-files/?d=image/0-1-0509f9bae5809d18f0adea769a869c1395bcb6e5.jpeg,2023-03-21T10:26:21.837626Z,24594
2023-03-21T10:26:24.322230Z,1.363,VoteBoard,1,3483,/data/local-files/?d=image/0-1-05135d758f98942014b550150422036553f46ed8.jpeg,2023-03-21T10:26:24.322185Z,24595
2023-03-21T10:26:26.552865Z,0.825,VotePaper,1,3484,/data/local-files/?d=image/0-1-0528b60460da18d8947e012fa649470b1fbca2bd.jpeg,2023-03-21T10:26:26.552830Z,24596
2023-03-21T10:26:29.264928Z,1.46,VoteBoard,1,3485,/data/local-files/?d=image/0-1-052ae7e1a712a985302d0c1189863fb5c9fe466d.jpeg,2023-03-21T10:26:29.264824Z,24597
2023-03-21T10:26:49.663811Z,1.328,VoteBoard,1,3486,/data/local-files/?d=image/0-1-053022877bd1cf53cdeecc252f043f95a69f300e.jpeg,2023-03-21T10:26:49.663772Z,24598
2023-03-21T10:26:51.768683Z,0.983,VotePaper,1,3487,/data/local-files/?d=image/0-1-0538b3bf4a2d4d98e715251b6444674cd6e0f8f8.jpeg,2023-03-21T10:26:51.768648Z,24599
2023-03-21T10:26:53.796460Z,1.021,VotePaper,1,3488,/data/local-files/?d=image/0-1-053b6a9a2aa2910f9ad5121b3bda8cdbddfb9021.jpeg,2023-03-21T10:26:53.796404Z,24600
2023-03-21T10:26:58.476085Z,2.115,VoteBoard,1,3489,/data/local-files/?d=image/0-1-05413dc7450d1badbcfe32ccc5c06460f6f29a22.jpeg,2023-03-21T10:26:58.476042Z,24601
2023-03-21T10:27:00.385198Z,0.846,VotePaper,1,3490,/data/local-files/?d=image/0-1-05417f79b9c008e4c94e8c6c1f80bf94f9816ab9.jpeg,2023-03-21T10:27:00.385164Z,24602
2023-03-21T10:27:02.624914Z,1.133,VoteBoard,1,3491,/data/local-files/?d=image/0-1-055a88514c343416caf7ae8ef944468b3cff440b.jpeg,2023-03-21T10:27:02.624856Z,24603
2023-03-21T10:27:06.211335Z,2.335,VoteBoard,1,3492,/data/local-files/?d=image/0-1-055d5d48200a6b44dcf9107df5d44092f6fd8e4c.jpeg,2023-03-21T10:27:06.211256Z,24604
2023-03-21T10:27:08.159987Z,0.718,VoteBoard,1,3493,/data/local-files/?d=image/0-1-055fd47067cb5397fb8e89e2dad7f86fad010fc2.jpeg,2023-03-21T10:27:08.159943Z,24605
2023-03-21T10:27:10.598221Z,0.619,VoteBoard,1,3494,/data/local-files/?d=image/0-1-056ec709fc0687a8c3b62e6437b7938bebf3b4f4.jpeg,2023-03-21T10:27:10.598179Z,24606
2023-03-21T10:27:25.088856Z,13.196,VoteBoard,1,3495,/data/local-files/?d=image/0-1-05e031372484280601fd7439f1243a080ccf60b0.jpeg,2023-03-21T10:27:25.088771Z,24624
2023-03-21T10:27:29.438374Z,3.223,VoteBoard,1,3496,/data/local-files/?d=image/0-1-05e40e5f18af45f6c4d1ab2f46aeede9a168be6d.jpeg,2023-03-21T10:27:29.438339Z,24625
2023-03-21T10:27:37.205435Z,6.415,VotePaper,1,3497,/data/local-files/?d=image/0-1-05e6f86339566cf5bf2102dc98b93fdf8c927f71.jpeg,2023-03-21T10:27:37.205401Z,24626
2023-03-21T10:27:40.163406Z,0.836,VoteBoard,1,3498,/data/local-files/?d=image/0-1-05ea7960544409deaf61214ba6d48235360a8d30.jpeg,2023-03-21T10:27:40.163366Z,24627
2023-03-21T10:27:43.435801Z,2.272,,1,3499,/data/local-files/?d=image/0-1-05f062e056c01cb4513f8b9a3b2ac26c03b3e740.jpeg,2023-03-21T10:27:43.435767Z,24628
2023-03-21T10:27:45.979905Z,1.548,VoteBoard,1,3500,/data/local-files/?d=image/0-1-05f8c96e613e43b822d3adbd4739ad0d8f3e3f96.jpeg,2023-03-21T10:27:45.979861Z,24629
2023-03-21T10:27:49.329812Z,1.992,VotePaper,1,3501,/data/local-files/?d=image/0-1-05fa28d349f4f13b76310e00f7554926e23c201a.jpeg,2023-03-21T10:27:49.329659Z,24630
2023-03-21T10:27:51.785449Z,1.303,VoteBoard,1,3502,/data/local-files/?d=image/0-1-061bd6c612a0a1c74c07c23c40bf44226f6f5c74.jpeg,2023-03-21T10:27:51.785417Z,24631
2023-03-21T10:27:54.844708Z,1.915,VotePaper,1,3503,/data/local-files/?d=image/0-1-061bfa544cb23da3617d729b54dbd11fd96f2289.jpeg,2023-03-21T10:27:54.844669Z,24632
2023-03-21T10:27:57.190410Z,0.589,VotePaper,1,3504,/data/local-files/?d=image/0-1-061c3e9616ed4f0702f7c1e191a5fcb5e779950f.jpeg,2023-03-21T10:27:57.190367Z,24633
2023-03-21T10:27:59.824918Z,1.526,VotePaper,1,3505,/data/local-files/?d=image/0-1-062506e3eca931164c92cc2e93fb9619494a857a.jpeg,2023-03-21T10:27:59.824873Z,24634
2023-03-21T10:28:18.369434Z,5.146,VoteBoard,1,3506,/data/local-files/?d=image/0-1-0635d69d17f2c483526d7e3ee53c85e6370ab6ee.jpeg,2023-03-21T10:28:18.369393Z,24636
2023-03-21T10:28:22.378670Z,2.982,VoteBoard,1,3507,/data/local-files/?d=image/0-1-0640899ab50f6f7a515c6a3541e9c340db2b339f.jpeg,2023-03-21T10:28:22.378631Z,24637
2023-03-21T10:28:24.023535Z,0.507,VoteBoard,1,3508,/data/local-files/?d=image/0-1-0640c5e4b59d85a58518e5c28fd0511c82435a48.jpeg,2023-03-21T10:28:24.023500Z,24638
2023-03-21T10:28:25.634633Z,0.306,VoteBoard,1,3509,/data/local-files/?d=image/0-1-0644e2829cdb78bfa029b67f6738421697c29b85.jpeg,2023-03-21T10:28:25.634599Z,24639
2023-03-21T10:28:30.004294Z,1.042,VoteBoard,1,3510,/data/local-files/?d=image/0-1-06500eb62c8616a71031406926c5da36d125b915.jpeg,2023-03-21T10:28:30.004254Z,24640
2023-03-21T10:28:32.003484Z,0.925,VotePaper,1,3511,/data/local-files/?d=image/0-1-06565bcf2cd4d95b970d87db1355f65594049ce2.jpeg,2023-03-21T10:28:32.003450Z,24641
2023-03-21T10:28:33.985308Z,0.631,VoteBoard,1,3512,/data/local-files/?d=image/0-1-06581e4f40b8f697faa886e04dbbb8363f02b5d7.jpeg,2023-03-21T10:28:33.985272Z,24642
2023-03-21T10:28:36.918174Z,1.146,VoteBoard,1,3513,/data/local-files/?d=image/0-1-065d1b872330db68fc513a17a15597caa8e74ff2.jpeg,2023-03-21T10:28:36.918140Z,24643
2023-03-21T10:28:39.012616Z,0.995,VoteBoard,1,3514,/data/local-files/?d=image/0-1-065ead36ff46c5ef62ecd5643c9d6bb01c767ece.jpeg,2023-03-21T10:28:39.012579Z,24644
2023-03-21T10:28:40.766541Z,0.643,VotePaper,1,3515,/data/local-files/?d=image/0-1-066357cc9184b5965d3db15a0d9dd3f2bf45eda7.jpeg,2023-03-21T10:28:40.766503Z,24645
2023-03-21T10:28:43.043186Z,1.163,VoteBoard,1,3516,/data/local-files/?d=image/0-1-066b6cdb20950551b8ff792cb4e62b2a6499ecc3.jpeg,2023-03-21T10:28:43.043145Z,24646
2023-03-21T10:28:45.878238Z,0.935,VoteBoard,1,3517,/data/local-files/?d=image/0-1-066c5ccbd42bff9c24f058266653d2281421437c.jpeg,2023-03-21T10:28:45.878199Z,24647
2023-03-21T10:28:47.629436Z,0.745,VoteBoard,1,3518,/data/local-files/?d=image/0-1-0670139384c8dd45512246826a780e9bd41d733f.jpeg,2023-03-21T10:28:47.629387Z,24648
2023-03-21T10:28:51.361853Z,2.778,VoteBoard,1,3519,/data/local-files/?d=image/0-1-067a8238b0f7018e495245f6dc4184ca95f0ac79.jpeg,2023-03-21T10:28:51.361804Z,24649
2023-03-21T10:28:54.020017Z,1.477,VoteBoard,1,3520,/data/local-files/?d=image/0-1-067b03c975c48c321d0f717cf1755fa7f4a4a783.jpeg,2023-03-21T10:28:54.019979Z,24650
2023-03-21T10:28:55.882752Z,0.69,VoteBoard,1,3521,/data/local-files/?d=image/0-1-06808bfc3c75cf9171790a86681d817e3007b19b.jpeg,2023-03-21T10:28:55.882708Z,24651
2023-03-21T10:28:59.432606Z,2.485,,1,3522,/data/local-files/?d=image/0-1-0681e00b09b81dad0a6c10b77311765a87786393.jpg,2023-03-21T10:28:59.432571Z,24652
2023-03-21T10:29:01.433377Z,1.002,VotePaper,1,3523,/data/local-files/?d=image/0-1-0681f5835b7814436e85c369ad1a900cfa711617.jpeg,2023-03-21T10:29:01.433340Z,24653
2023-03-21T10:29:03.453243Z,0.701,VoteBoard,1,3524,/data/local-files/?d=image/0-1-076bbbb11f7c018421e5de79738f55020ca967b2.jpeg,2023-03-21T10:29:03.453209Z,24684
2023-03-21T10:29:06.324009Z,1.018,VoteBoard,1,3525,/data/local-files/?d=image/0-1-0773a068c9ec10159afd7ed288b2ce3870b2a9e2.jpeg,2023-03-21T10:29:06.323951Z,24685
2023-03-21T10:29:08.830773Z,1.348,VoteBoard,1,3526,/data/local-files/?d=image/0-1-079a354b351b2ff43031efeeea9ae2d3d4980f79.jpeg,2023-03-21T10:29:08.830732Z,24686
2023-03-21T10:29:14.330539Z,4.34,VoteBoard,1,3527,/data/local-files/?d=image/0-1-079f3eb4d94145406f2647e4c7b865c48ac4dc08.jpeg,2023-03-21T10:29:14.330463Z,24687
2023-03-21T10:29:16.602626Z,0.645,VotePaper,1,3528,/data/local-files/?d=image/0-1-07a42d85880cfbbcefda3d56bc7d190d8322c5d6.jpeg,2023-03-21T10:29:16.602593Z,24688
2023-03-21T10:29:19.284670Z,1.183,VoteBoard,1,3529,/data/local-files/?d=image/0-1-07a7fed2ce09566571a98333650031a889a1b8dd.jpeg,2023-03-21T10:29:19.284634Z,24689
2023-03-21T10:29:23.833782Z,3.513,,1,3530,/data/local-files/?d=image/0-1-07ac647869fa0b34357b984d0419324d2622d42e.jpeg,2023-03-21T10:29:23.833746Z,24690
2023-03-21T10:29:28.629115Z,3.625,VoteBoard,1,3531,/data/local-files/?d=image/0-1-07ac66fd9d388efe82bb7c8977ca7dcee7722ba5.jpeg,2023-03-21T10:29:28.629075Z,24691
2023-03-21T10:29:31.733028Z,0.885,VotePaper,1,3532,/data/local-files/?d=image/0-1-07e6ea0949e80a9ddf337440de93eec681f6b12f.jpeg,2023-03-21T10:29:31.732953Z,24701
2023-03-21T10:29:35.941290Z,2.29,,1,3533,/data/local-files/?d=image/0-1-07f793415bf01b4b8d658663df081e5df3351b4c.jpeg,2023-03-21T10:29:33.874604Z,24702
2023-03-21T10:29:38.498183Z,1.427,VotePaper,1,3534,/data/local-files/?d=image/0-1-07fc36be93aa6bcd729ad297ca38d84b3ceb3ccb.jpeg,2023-03-21T10:29:38.498146Z,24703
2023-03-21T10:29:44.815593Z,5.052,VoteBoard,1,3535,/data/local-files/?d=image/0-1-0800a1fcb0eef8d291a3043fca5ab560d83d70da.jpeg,2023-03-21T10:29:44.815557Z,24704
2023-03-21T10:29:47.801777Z,1.871,VotePaper,1,3536,/data/local-files/?d=image/0-1-080ded13bc2282aa21b6335fc2082b745bedd72c.jpeg,2023-03-21T10:29:47.801745Z,24705
2023-03-21T10:29:56.404044Z,1.881,VotePaper,1,3537,/data/local-files/?d=image/0-1-080e531ec14bf39ac11d69e2dcc7bd1ef3f4698e.jpeg,2023-03-21T10:29:56.404008Z,24706
2023-03-21T10:30:00.563879Z,2.658,VoteBoard,1,3538,/data/local-files/?d=image/0-1-08112d56c2cb339f57b47d51825888d8617f9a6d.jpeg,2023-03-21T10:30:00.563847Z,24707
2023-03-21T10:30:04.410318Z,2.655,VoteBoard,1,3539,/data/local-files/?d=image/0-1-082dbf32ffa8ee3e7c738144e5bbc95565909fdb.jpeg,2023-03-21T10:30:04.410283Z,24708
2023-03-21T10:30:06.671232Z,0.489,VoteBoard,1,3540,/data/local-files/?d=image/0-1-082e60ad4d98b78bfb0d242c8e151c1957dfc780.jpeg,2023-03-21T10:30:06.671165Z,24709
2023-03-21T10:30:09.068361Z,1.28,VoteBoard,1,3541,/data/local-files/?d=image/0-1-0831946889c9f87adea77d97274eb8ab34eb6fde.jpeg,2023-03-21T10:30:09.068304Z,24710
2023-03-21T10:30:11.493799Z,1.307,VotePaper,1,3542,/data/local-files/?d=image/0-1-08546e59df1a5d3179ef5e0c01c1c4c0b2d10b3f.jpeg,2023-03-21T10:30:11.493700Z,24711
2023-03-21T10:30:17.025816Z,3.593,VoteBoard,1,3543,/data/local-files/?d=image/0-1-085b283c5484873db083b7658b1f74e38d49a385.jpeg,2023-03-21T10:30:17.025775Z,24712
2023-03-21T10:30:29.023223Z,10.527,VoteBoard,1,3544,/data/local-files/?d=image/0-1-08625701016905d247a263d3823bb3b3bdd0be72.jpeg,2023-03-21T10:30:29.023166Z,24713
2023-03-21T10:30:36.669186Z,0.278,,1,3546,/data/local-files/?d=image/0-1-091417c4253e22a2209bea9a55117dc90443cf3f.jpeg,2023-03-21T10:30:36.669134Z,24748
2023-03-21T10:30:32.570076Z,1.134,VotePaper,1,3545,/data/local-files/?d=image/0-1-0917cf0162f8a0ce0a06161b0934949af9e78ff7.jpeg,2023-03-21T10:30:32.570044Z,24749
2023-03-21T10:30:44.499290Z,1.897,VotePaper,1,3547,/data/local-files/?d=image/0-1-093c1bc3dcec6c0a67aa887d3c89d51a40692dbe.jpeg,2023-03-21T10:30:44.499237Z,24755
2023-03-21T10:30:47.862251Z,1.58,VoteBoard,1,3548,/data/local-files/?d=image/0-1-0940121dda71baf5bdfcc947a92fce3518b3dfb5.jpeg,2023-03-21T10:30:47.862215Z,24756
2023-03-21T10:31:09.828148Z,14.774,VotePaper,1,3549,/data/local-files/?d=image/0-1-09774b27086730c7c30e9987406af8731ad97f9b.jpeg,2023-03-21T10:31:09.828108Z,24764
2023-03-21T14:25:59.791209Z,2.132,VoteBoard,1,3550,/data/local-files/?d=image/0-1-097d6b0e4dcfcf25c9f67f2375eb9cf15d98438a.jpeg,2023-03-21T14:25:59.791177Z,24765
2023-03-21T14:26:02.090997Z,1.171,VoteBoard,1,3551,/data/local-files/?d=image/0-1-09808d727b60c335b01aedf8059d277c9269fa5b.jpeg,2023-03-21T14:26:02.090965Z,24766
2023-03-21T14:26:04.511835Z,1.476,VoteBoard,1,3552,/data/local-files/?d=image/0-1-09895a402a3d2dc5524a89bb5426603fd8d02dac.jpeg,2023-03-21T14:26:04.511808Z,24767
2023-03-21T14:26:08.130448Z,1.9,VotePaper,1,3553,/data/local-files/?d=image/0-1-098a55518e77fe8d89f56390c42759897519138a.jpeg,2023-03-21T14:26:08.130416Z,24768
2023-03-21T14:26:10.081145Z,0.832,VoteBoard,1,3554,/data/local-files/?d=image/0-1-09a04a23665a609a8c6ec57e930888d1de0b9866.jpeg,2023-03-21T14:26:10.081112Z,24769
2023-03-21T14:37:55.377495Z,1.052,VotePaper,1,3756,/data/local-files/?d=image/0-1-0a1a750aaa8243b89442b303e63b1772498eecb5.jpeg,2023-03-21T14:37:55.377464Z,24780
2023-03-21T14:37:57.952698Z,0.77,VotePaper,1,3757,/data/local-files/?d=image/0-1-0a34002f696339fef32165291bc1834d9299c96b.jpeg,2023-03-21T14:37:57.952666Z,24781
2023-03-21T14:26:12.244590Z,1.034,VotePaper,1,3555,/data/local-files/?d=image/0-1-0a3d0137e70860c0f1ae51c39d88047934b21f1c.jpeg,2023-03-21T14:26:12.244557Z,24783
2023-03-21T14:26:20.462518Z,1.343,VotePaper,1,3558,/data/local-files/?d=image/0-1-0a422998b61c6f57040044f60295648a904d19f0.jpeg,2023-03-21T14:26:20.462490Z,24785
2023-03-21T14:26:15.800528Z,1.522,VoteBoard,1,3556,/data/local-files/?d=image/0-1-0a4690e561cf2fd0772574a91a7008e083467cf9.jpeg,2023-03-21T14:26:15.800497Z,24786
2023-03-21T14:26:17.953942Z,1.035,VotePaper,1,3557,/data/local-files/?d=image/0-1-0a46d7cf35a568a89817c4291c065f486c9c0f68.jpeg,2023-03-21T14:26:17.953911Z,24787
2023-03-21T14:26:23.517275Z,1.383,VoteBoard,1,3559,/data/local-files/?d=image/0-1-0a4b241af3200a6782d906e9e5cc6bd47d44a87b.jpeg,2023-03-21T14:26:23.517242Z,24788
2023-03-21T14:26:29.434657Z,4.448,VoteBoard,1,3560,/data/local-files/?d=image/0-1-0a4de6f5afdf7f4664d3586afe6b1911262f33d4.jpeg,2023-03-21T14:26:29.434629Z,24789
2023-03-21T14:26:34.747901Z,1.745,VotePaper,1,3562,/data/local-files/?d=image/0-1-0a590cc24dc9bcea8a0484b3ada68c19de609cd3.jpeg,2023-03-21T14:26:34.747871Z,24790
2023-03-21T14:26:31.877986Z,1.23,VotePaper,1,3561,/data/local-files/?d=image/0-1-0a5dca47eed9cfeb67022ec873c131c64e604e2b.jpeg,2023-03-21T14:26:31.877959Z,24791
2023-03-21T14:26:41.841488Z,1.652,VoteBoard,1,3563,/data/local-files/?d=image/0-1-0a63433b9d1c74b07a3fffd354e6b7d3c47a215b.jpeg,2023-03-21T14:26:41.841459Z,24792
2023-03-21T14:26:43.642916Z,0.654,VoteBoard,1,3564,/data/local-files/?d=image/0-1-0a6542bfae83617df9c7d3449795eae2c187b523.jpeg,2023-03-21T14:26:43.642873Z,24793
2023-03-21T14:26:49.362325Z,3.158,,1,3565,/data/local-files/?d=image/0-1-0a6bbc307eda14640b4bdba16df2fbcf69498d13.jpeg,2023-03-21T14:26:49.362297Z,24794
2023-03-21T14:26:52.272733Z,1.782,VotePaper,1,3566,/data/local-files/?d=image/0-1-0a733b4a3e9d6b7a06b7a23d45fec8b5b55fa51f.jpeg,2023-03-21T14:26:52.272701Z,24795
2023-03-21T14:26:55.741403Z,1.725,VoteBoard,1,3567,/data/local-files/?d=image/0-1-0a7ea6937242004ff5618b0950fcf1d75dfa6244.jpeg,2023-03-21T14:26:55.741374Z,24796
2023-03-21T14:26:58.069320Z,1.253,VoteBoard,1,3568,/data/local-files/?d=image/0-1-0a82e04dc4e30cc0d429293cb0223c053e7bd887.jpeg,2023-03-21T14:26:58.069290Z,24797
2023-03-21T14:27:00.982645Z,1.462,VoteBoard,1,3569,/data/local-files/?d=image/0-1-0a9ac3281ad3fc19ba4c1c4edecec0f0b721a531.jpeg,2023-03-21T14:27:00.982614Z,24798
2023-03-21T14:27:03.901617Z,1.71,VotePaper,1,3570,/data/local-files/?d=image/0-1-0a9f3bb50e175e3fc814a0200d4833f1acf52e66.jpeg,2023-03-21T14:27:03.901591Z,24799
2023-03-21T14:27:07.135336Z,1.777,VoteBoard,1,3571,/data/local-files/?d=image/0-1-0aa69dee5dbedb15d888e365416ab7536add6c9b.jpeg,2023-03-21T14:27:07.135311Z,24800
2023-03-21T14:27:09.906803Z,1.523,VoteBoard,1,3572,/data/local-files/?d=image/0-1-0aa7032eb58112f93a8df60f6b06427ac220eedf.jpeg,2023-03-21T14:27:09.906771Z,24801
2023-03-21T14:27:12.135400Z,0.607,VoteBoard,1,3573,/data/local-files/?d=image/0-1-0aac084168d6edaaf6da3a52a7c90e93b5f1d38d.jpeg,2023-03-21T14:27:12.135368Z,24802
2023-03-21T14:27:14.802174Z,1.567,VotePaper,1,3574,/data/local-files/?d=image/0-1-0aad2ccb8258f4db96210ae400d4d04874135dd2.jpeg,2023-03-21T14:27:14.802144Z,24803
2023-03-21T14:27:17.456783Z,1.567,VotePaper,1,3575,/data/local-files/?d=image/0-1-0aadd9b873fc7e3cd39fd623d613853a3a341620.jpeg,2023-03-21T14:27:17.456750Z,24804
2023-03-21T14:27:20.239240Z,1.318,VoteBoard,1,3576,/data/local-files/?d=image/0-1-0ab96783625dcc19799b3bbad32b204d18b328ec.jpeg,2023-03-21T14:27:20.239210Z,24805
2023-03-21T14:27:22.609783Z,1.263,VoteBoard,1,3577,/data/local-files/?d=image/0-1-0abd3eee7a83b08079932cc9e3c9fce3905907c5.jpeg,2023-03-21T14:27:22.609750Z,24806
2023-03-21T14:27:25.692523Z,1.798,VotePaper,1,3578,/data/local-files/?d=image/0-1-0abf38fe43fa13e935e3e0faa21fb20a99e7d770.jpeg,2023-03-21T14:27:25.692496Z,24807
2023-03-21T14:27:28.198588Z,0.954,VoteBoard,1,3579,/data/local-files/?d=image/0-1-0ad095837953b283687fa510e0ce8a669b6b9915.jpeg,2023-03-21T14:27:28.198561Z,24808
2023-03-21T14:27:31.111980Z,1.221,VoteBoard,1,3580,/data/local-files/?d=image/0-1-0ade68111a17bd00c02feea1f12023f5c353c3bb.jpeg,2023-03-21T14:27:31.111945Z,24809
2023-03-21T14:27:33.946983Z,1.396,VotePaper,1,3581,/data/local-files/?d=image/0-1-0ae347f3a281646338ffb5d90a5f1ee4ba00814c.jpeg,2023-03-21T14:27:33.946950Z,24810
2023-03-21T14:27:36.701068Z,1.455,VoteBoard,1,3582,/data/local-files/?d=image/0-1-0aec000e528f61805a116eb0d2aa187d8788477d.jpeg,2023-03-21T14:27:36.701039Z,24811
2023-03-21T14:27:39.957979Z,2.101,VoteBoard,1,3583,/data/local-files/?d=image/0-1-0aec7331f2b3a614f2b55574f7075fb6d8bcd310.jpeg,2023-03-21T14:27:39.957946Z,24812
2023-03-21T14:38:01.045222Z,0.991,VotePaper,1,3758,/data/local-files/?d=image/0-1-0af9dbbf584beb84efe67e82e22ac6a0aa866c91.jpeg,2023-03-21T14:38:01.045189Z,24813
2023-03-21T14:38:04.166502Z,1.848,VoteBoard,1,3759,/data/local-files/?d=image/0-1-0b08c376c64197fa06981beeb8082955773b35cb.jpeg,2023-03-21T14:38:04.166474Z,24814
2023-03-21T14:27:42.562680Z,1.496,VotePaper,1,3584,/data/local-files/?d=image/0-1-0b954608c78697593e732e3f9ad84d7c698b03e1.jpeg,2023-03-21T14:27:42.562643Z,24833
2023-03-21T14:27:45.295821Z,1.517,VotePaper,1,3585,/data/local-files/?d=image/0-1-0b97e0ee12596852e63092e19db6de07cf4ce0cb.jpeg,2023-03-21T14:27:45.295790Z,24834
2023-03-21T14:27:48.860540Z,2.435,VoteBoard,1,3586,/data/local-files/?d=image/0-1-0b9abbbda9b98f53141ca030d67d022f8b175f24.jpeg,2023-03-21T14:27:48.860506Z,24835
2023-03-21T14:27:51.769298Z,1.682,ElectoralUnit,1,3587,/data/local-files/?d=image/0-1-0ba7943e1da40842ae50d14386fb43bdc53ec170.jpeg,2023-03-21T14:27:51.769269Z,24836
2023-03-21T14:28:02.913196Z,1.051,VoteBoard,1,3591,/data/local-files/?d=image/0-1-0da92b6a545163ae8f040d86c56f10878eeb88b6.jpeg,2023-03-21T14:28:02.913162Z,24909
2023-03-21T14:28:04.668597Z,0.595,VoteBoard,1,3592,/data/local-files/?d=image/0-1-0dc47d445d812e566193c8c3d8b5096537816bef.jpeg,2023-03-21T14:28:04.668569Z,24910
2023-03-21T14:27:58.959381Z,1.395,VotePaper,1,3589,/data/local-files/?d=image/0-1-0dde427fa5bc1a0fdb887336263963badaa708a1.jpeg,2023-03-21T14:27:58.959340Z,24911
2023-03-21T14:28:00.694454Z,0.778,VotePaper,1,3590,/data/local-files/?d=image/0-1-0ddfe474ac117673a389c9fcc55ac7c62f5e7845.jpeg,2023-03-21T14:28:00.694420Z,24912
2023-03-21T14:27:56.334580Z,0.787,VoteBoard,1,3588,/data/local-files/?d=image/0-1-0de01a0c540090ac31e453d10dfe906c42cbfa8e.jpeg,2023-03-21T14:27:56.334550Z,24913
